VSL_ID,VSL_NAME,VSL_MMSI,VSL_IMO,CALL_SIGN,SHIP_TYPE,VSL_LENGTH,VSL_WIDTH,DIMENSIONS_A,DIMENSIONS_B,DIMENSIONS_C,DIMENSIONS_D,GROSS_TONNAGE
00b5ffd0-eec0-3fd1-b0c4-0a4f55ccf412,PACIFIC BEIJING,563156900,9378931.0,9V8000,CONTAINER,148.0,24.0,137.0,11.0,10.0,14.0,9940.0
0146695a-b3e9-3bf1-8cf7-48781657c287,HMM HANUL,636020744,9869239.0,5LAM7,CONTAINER,366.0,51.0,112.0,254.0,18.0,33.0,153150.0
018666c5-2b0d-323b-8c36-b27fac5f7c65,ULTIMA,311000169,9674646.0,C6AV9,CONTAINER,141.0,23.0,118.0,23.0,14.0,9.0,9568.0
01a950b5-6f5f-3ef3-9655-835f4b9864b0,KMTC DELHI,441401000,9409182.0,D7WN,CONTAINER,299.0,40.0,225.0,74.0,20.0,20.0,73779.0
01bb3ded-6e6b-3e7e-8705-5f9dbda9c098,ALS KRONOS,636017175,9327786.0,D5JQ6,CONTAINER,276.0,40.0,186.0,90.0,23.0,17.0,66199.0
01e83260-8ec2-3534-9333-c5ed18e03321,SM JAKARTA,440206000,9219240.0,D7DP,CONTAINER,168.0,27.0,136.0,32.0,8.0,19.0,16850.0
01e96ebf-7b99-3f42-b720-05e40121a476,MCC SHENZHEN,305977000,9634696.0,V2GK7,CONTAINER,172.0,27.0,154.0,18.0,21.0,6.0,17769.0
0203650e-3d12-387e-982b-3b9d69758061,MSC VIVIANA,636017882,9777216.0,D5ND7,CONTAINER,400.0,58.0,129.0,271.0,16.0,42.0,187587.0
024efb36-ed35-3c42-90d0-c432f949db1e,MAERSK ANTARES,565661000,9342504.0,9VHK7,CONTAINER,338.0,46.0,246.0,92.0,20.0,26.0,108393.0
034b5ec9-eafd-3d1f-a208-a7dd05bd41ca,SITC HAINAN,477548900,9712759.0,VROF7,CONTAINER,172.0,28.0,130.0,42.0,14.0,14.0,17119.0
0359a9fc-db7a-3187-9550-f9a3b3c90f37,MANILA VOYAGER,538009596,9128099.0,V7A4937,CONTAINER,200.0,27.0,167.0,33.0,21.0,6.0,24053.0
03fc50bf-17e8-38d3-b09f-3fb7188c6023,ACACIA ARIES,355027000,9124689.0,3EPG2,CONTAINER,114.0,20.0,106.0,8.0,10.0,10.0,5658.0
0434983d-bd87-39a4-a1e7-6678692ed467,PRESIDENT TRUMAN,338679000,9538658.0,WPTC,CONTAINER,300.0,40.0,230.0,70.0,26.0,14.0,75015.0
04576a68-baf8-3154-a23b-d5543633fa94,MSC CLORINDA,373233000,9484429.0,3FDW7,CONTAINER,366.0,51.0,142.0,224.0,28.0,23.0,153115.0
05119dcc-f6b9-3935-a991-c2cd126703d8,MAERSK NORDDAL,372596000,9894674.0,3EZM8,CONTAINER,172.0,33.0,126.0,46.0,9.0,24.0,25805.0
053e40ef-4889-3332-a2fa-5e62451d71ba,STAR PIONEER,441433000,9545003.0,D7XJ,CONTAINER,143.0,22.0,113.0,30.0,17.0,5.0,9520.0
05552602-5a62-35ab-87ed-d557fe7f8450,SAWASDEE SINGAPORE,441885000,9081021.0,DSRJ7,CONTAINER,167.0,28.0,140.0,27.0,19.0,9.0,15859.0
0573d749-d97c-3d3a-b868-1a8723d1320a,SUNNY SPRUCE,441107000,9121041.0,DSFP2,CONTAINER,107.0,17.0,83.0,24.0,12.0,5.0,3981.0
05abc0bf-04bd-3481-89bd-0a8f2f6c3ccf,MSC ROSA M,354462000,9461398.0,3FDM4,CONTAINER,366.0,51.0,142.0,224.0,28.0,23.0,153115.0
05f3fa21-cf53-337c-b4a1-83a1096e4582,GEORG MAERSK,220416000,9320257.0,OYGN2,CONTAINER,367.0,43.0,264.0,103.0,21.0,22.0,97933.0
060db0be-c97f-3f11-8304-c637fe4fa4d5,A SUKAI,357842000,9385439.0,3FJU5,CONTAINER,133.0,19.0,117.0,16.0,10.0,9.0,7170.0
0643f8e3-dd39-3424-bd94-5b4b9e37b301,HEUNG-A AKITA,538005898,9693953.0,V7HY7,CONTAINER,141.0,25.0,110.0,31.0,6.0,19.0,9998.0
065d656d-852f-3cec-95b7-9dc2f0797d2f,EVER LOGIC,416482000,9604081.0,BKIF,CONTAINER,335.0,46.0,232.0,103.0,15.0,31.0,98882.0
06e20c85-1dab-34e7-bbdb-6ed30bd68672,INTERASIAINSPIRATION,477133700,9200823.0,VRMW7,CONTAINER,294.0,32.0,222.0,72.0,15.0,17.0,54437.0
06e64715-8c23-33de-8da0-fb2edfbb3f7a,SEASPAN BEAUTY,477478700,9713349.0,VROG7,CONTAINER,337.0,48.0,244.0,93.0,31.0,17.0,113042.0
074835c7-944d-3ddd-8ae9-06c192a4a1ff,EVER BRACE,357413000,9784116.0,3FQL7,CONTAINER,211.0,33.0,164.0,47.0,23.0,10.0,32145.0
07e0c6b9-2032-3676-a1d1-93773388f496,CMA CGM PATAGONIA,228409800,9894961.0,FMPQ,CONTAINER,366.0,51.0,128.0,238.0,29.0,22.0,153907.0
08109859-71cb-306f-a708-b0bac7ac733d,PACIFIC TIANJIN,563158600,9498690.0,9V8011,CONTAINER,129.0,20.0,117.0,12.0,9.0,11.0,7464.0
088b154c-0055-3b82-af42-139759ba535e,CALLAO BRIDGE,354106000,9451496.0,3FGY3,CONTAINER,199.0,32.0,154.0,45.0,11.0,21.0,27213.0
08dea1f2-1b49-385e-81d9-a8f70d803547,MSC AGRIGENTO,357096000,9618276.0,3FYR9,CONTAINER,300.0,48.0,225.0,75.0,12.0,36.0,95390.0
0904f7bb-26cf-339f-84b8-22e85f8ba5eb,HYUNDAI HONGKONG,212348000,9305661.0,5BZL3,CONTAINER,304.0,40.0,228.0,76.0,17.0,23.0,74651.0
091fdf20-c71f-3ade-b1ed-b94aeda52b8f,ALS CLIVIA,636092866,9444417.0,A8UL2,CONTAINER,262.0,32.0,191.0,71.0,20.0,12.0,41391.0
0965a5bd-00d3-385e-b329-cf45d5238192,MSC ALICE,636018026,9232632.0,D5NV6,CONTAINER,185.0,26.0,168.0,17.0,20.0,6.0,16803.0
09bd9ccd-23ea-367e-bb28-11a8d97c08ae,SEASPAN BELIEF,477548300,9713351.0,VROD3,CONTAINER,337.0,48.0,244.0,93.0,31.0,17.0,113042.0
09bdb792-04b1-3669-a52e-52986735311a,HUA HANG HAN YA 2,413218000,9879545.0,BOBQ2,GENERAL_CARGO,125.0,21.0,121.0,4.0,15.0,6.0,
09fd6ae0-c292-3fd2-8d45-8ba8ce53c40f,CMA CGM ATTILA,215485000,9433793.0,9HA2742,CONTAINER,335.0,43.0,244.0,91.0,17.0,26.0,91498.0
0a0767cf-401a-3262-9c27-2f127d3ba8c1,WAN HAI 317,565777000,9342712.0,9VKB6,CONTAINER,212.0,32.0,169.0,43.0,24.0,8.0,27800.0
0a5e7314-03d6-34cd-9f4d-6957fd0be2e9,WILLIAM,255806132,9436068.0,CQAC2,CONTAINER,176.0,27.0,156.0,20.0,16.0,11.0,18485.0
0b1f2e21-f84e-30a7-99fe-9fe8d47e2d55,SCO QINGDAO,477585900,9132521.0,VRNX7,CONTAINER,124.0,21.0,102.0,22.0,14.0,7.0,7111.0
0b5ecca1-16e5-375c-a814-f8d2e2a32043,AL NASRIYAH,211886810,9708849.0,DFGA2,CONTAINER,368.0,51.0,139.0,229.0,21.0,30.0,153148.0
0b615c83-c95e-3c81-89ed-97186a7c6d51,GH BORA,538009319,9377573.0,V7A4591,CONTAINER,215.0,30.0,194.0,21.0,13.0,17.0,28048.0
0cce29ac-580b-34e0-af4a-7d7844ff2971,ZHONG GU JI NAN,414654000,9938872.0,BPBC7,CONTAINER,228.0,40.0,190.0,38.0,14.0,26.0,53390.0
0cd951d9-e2b5-3c5a-a64e-10cb62163392,XIN TAI CANG,413166000,9320465.0,BPNA,CONTAINER,263.0,32.0,197.0,66.0,17.0,15.0,41482.0
0d0ab640-f96c-3e89-926f-df4704f0b0ad,GJERTRUD MAERSK,220414000,9320233.0,OYGH2,CONTAINER,367.0,43.0,264.0,103.0,21.0,22.0,97933.0
0d372597-06e0-3366-b74e-09e4f826303e,HYUNDAI  SMART,241312000,9475686.0,SVBY2,CONTAINER,366.0,48.0,141.0,225.0,19.0,29.0,141770.0
0d57340b-cac9-3991-a9f3-34f944a818f8,GRETE MAERSK,220397000,9302889.0,OYCY2,CONTAINER,367.0,42.0,265.0,102.0,21.0,21.0,97933.0
0d67e314-3d75-3de9-9440-47e265f3421f,KMTC OSAKA,372604000,9848883.0,3EHZ9,CONTAINER,172.0,27.0,130.0,42.0,7.0,20.0,17853.0
0dfd9ffa-d1a4-3482-931f-bb1e7810c47e,HEUNG-A JANICE,538005895,9693927.0,V7HX8,CONTAINER,141.0,25.0,107.0,34.0,5.0,20.0,9998.0
0e0096be-6b0f-31ee-8443-8a8f2ce55ce9,CMA CGM VOLGA,256169000,9705081.0,9HA3846,CONTAINER,300.0,49.0,122.0,178.0,19.0,30.0,95793.0
0e19a09e-4e57-378e-9ef0-7cea6fda0544,FOLEGANDROS,636014590,9247560.0,A8VC7,CONTAINER,279.0,40.0,206.0,73.0,14.0,26.0,66332.0
0e6d7780-d471-3282-82ee-9641ed4d104f,COSCO FELIXSTOWE,235068031,9246401.0,2BOW3,CONTAINER,280.0,40.0,210.0,70.0,22.0,18.0,65531.0
0e6fc8f1-7da7-316b-a538-a8799c0faed2,MAERSK SEVILLE,563000700,9299927.0,9V5243,CONTAINER,335.0,42.0,250.0,85.0,26.0,16.0,93511.0
0e7e0218-1a1c-3084-86fa-9073caa48b63,SUNNY OAK,440567000,9102849.0,DSEX8,CONTAINER,107.0,17.0,83.0,24.0,9.0,8.0,3996.0
0e9bf284-5743-387a-afb1-d2eec23a953e,OOCL LUXEMBOURG,477738600,9417270.0,VRGO3,CONTAINER,323.0,43.0,246.0,77.0,30.0,13.0,89097.0
0ee42155-290c-3125-9bbc-5e17217370dc,SITC NANSHA,477594900,9861718.0,VRTD2,CONTAINER,189.0,32.0,146.0,43.0,20.0,12.0,26872.0
0f279ff1-9251-3d4f-a6de-8cfab3213aeb,SKY PRIDE,440702000,9312468.0,DSOH9,CONTAINER,142.0,22.0,117.0,25.0,10.0,12.0,9520.0
0f7e13a8-7db8-3ca2-bd9f-d870035951fc,CMA CGM MOMBASA,229750000,9367815.0,9HA5588,CONTAINER,212.0,30.0,194.0,18.0,13.0,17.0,26638.0
105ec109-6aa8-33d4-9405-fb6ea73d190b,KOTA SEMPENA,563253000,9681273.0,9V2129,CONTAINER,228.0,37.0,179.0,49.0,7.0,30.0,41567.0
10c7ef5d-2bf8-33eb-a211-0a423e608f72,CMA CGM COCHIN,477166700,9768007.0,VRRQ4,CONTAINER,336.0,48.0,244.0,92.0,30.0,18.0,112967.0
10e4a1e8-e4ad-3b03-9dd4-58c588e16a43,SM BUSAN,440141000,9312767.0,D7BT,CONTAINER,304.0,40.0,225.0,79.0,26.0,14.0,74962.0
114af6d7-770a-3599-80a1-38120075f94b,MAERSK MEMPHIS,563073700,9348651.0,9V6171,CONTAINER,299.0,40.0,230.0,69.0,21.0,19.0,74642.0
11645231-2e2b-38ff-8cdf-a9ce1fa3f6d8,SITC SENDAI,477233800,9801548.0,VRSC3,CONTAINER,141.0,25.0,119.0,22.0,18.0,7.0,9960.0
1164a3c2-3b22-3dcb-bd66-6a82c4c65b6c,GUANGZHOU TRADER,249717000,9761449.0,9HA4350,CONTAINER,172.0,27.0,153.0,19.0,20.0,7.0,17888.0
11795fb7-fe73-37ce-899f-4f4dbfb5a71b,SUNNY LAUREL,351674000,9826562.0,H8BZ,CONTAINER,137.0,25.0,122.0,15.0,18.0,7.0,9870.0
11e3f232-6951-3139-a4e6-7a7919f9f4d4,MOL COURAGE,431296000,9321263.0,7JWH,CONTAINER,316.0,46.0,227.0,89.0,31.0,15.0,86692.0
13031ef5-c9b6-30de-a73a-32d3e05a9579,HYUNDAI BRAVE,538007477,9346304.0,V7EY4,CONTAINER,339.0,45.0,243.0,96.0,27.0,18.0,94511.0
1356084b-f574-308f-976f-ccadf3cf94f6,MSC WASHINGTON,636021365,9908047.0,5LDP4,CONTAINER,335.0,51.0,111.0,224.0,30.0,21.0,138245.0
13c495a1-1306-383b-b5a5-101653de7de0,MSC IDA II,636019861,9224946.0,D5WM9,CONTAINER,195.0,30.0,151.0,44.0,20.0,10.0,26050.0
145de104-1f24-346b-b994-d15e8bdd6f52,EUROPE,212175000,9285988.0,P3VZ9,CONTAINER,334.0,43.0,258.0,76.0,13.0,30.0,90645.0
14641ce4-0d82-360f-bbaf-c6d9470e788b,NYK DANIELLA,565963000,9355410.0,9VFC2,CONTAINER,210.0,30.0,166.0,44.0,9.0,21.0,27051.0
14719783-afc3-30cd-bec6-5272bcdedf42,SKY ORION,353640000,9719795.0,H8KJ,CONTAINER,172.0,27.0,129.0,43.0,5.0,22.0,20738.0
1522006b-7d64-3aa7-a62f-7ae07e58aff3,OKEE PIPER,305002000,9343663.0,V2CH5,CONTAINER,143.0,23.0,121.0,22.0,12.0,11.0,9610.0
155d5655-28f6-3fba-a37e-df7754fb061e,ESL KABIR,636092079,9535175.0,A8WH6,CONTAINER,275.0,40.0,199.0,76.0,20.0,20.0,59307.0
15981e9d-9981-3630-b130-3fb7fb5437b4,SEASPAN YANGTZE,477441400,9630389.0,VRNA8,CONTAINER,337.0,48.0,244.0,93.0,29.0,19.0,113042.0
159c354b-28e3-3d55-9203-3d8cd94c37e0,WAN HAI 522,563126500,9440784.0,9V7056,CONTAINER,262.0,32.0,192.0,70.0,24.0,8.0,41358.0
16bc605b-7575-347c-b646-676e1b45e501,OOCL MALAYSIA,477220100,9627980.0,VRME7,CONTAINER,366.0,48.0,145.0,221.0,17.0,31.0,141003.0
17113626-2a12-3238-a3bd-e6bffc9eb622,TS SINGAPORE,538008845,9464687.0,V7A2823,CONTAINER,260.0,32.0,197.0,63.0,19.0,13.0,42110.0
174da022-6191-35e1-a573-24fc49178380,ATLANTIC BRIDGE,563152700,9351115.0,9V7910,CONTAINER,127.0,20.0,15.0,112.0,10.0,10.0,7532.0
177ce3fa-d012-3b99-b484-efe7c4db7c7c,COSCO ISTANBUL,477464400,9484340.0,VRKY2,CONTAINER,261.0,32.0,190.0,71.0,17.0,15.0,40465.0
1799de8c-c799-3c7c-8a15-af8823360697,SINOKOR VLADIVOSTOK,440364000,9179452.0,D7DX,CONTAINER,135.0,23.0,123.0,12.0,12.0,11.0,9038.0
17db0db3-a4ec-3ee1-b7c3-7bed78622afd,WAN HAI 178,636021814,9555175.0,5LFU8,CONTAINER,172.0,28.0,136.0,36.0,20.0,8.0,18848.0
1845bb24-b881-3001-bce7-d188058486ef,CHANGSHA,477455200,9848754.0,VRSL2,CONTAINER,186.0,32.0,165.0,21.0,13.0,19.0,26971.0
186719f1-45a8-3337-8ec7-4df46f3ff98f,MSC SHUBA B,255806027,9778076.0,CQIP2,CONTAINER,330.0,48.0,112.0,218.0,15.0,33.0,113112.0
1916b683-1e60-3f4b-b792-c738023809fa,AS SOPHIA,255806127,9335800.0,CQAB5,CONTAINER,175.0,28.0,150.0,25.0,13.0,15.0,18123.0
1945617f-f07b-3ca3-a2c3-62958a7de55a,COSCO PRIDE,477764600,9472153.0,VRIV3,CONTAINER,366.0,48.0,142.0,224.0,14.0,34.0,141823.0
197aa7a3-bba6-3332-acf6-8c7686c7188e,MAERSK HUACHO,563078200,9848948.0,9V7010,CONTAINER,353.0,54.0,115.0,238.0,27.0,27.0,153744.0
197aada9-981f-3e91-bd15-0a8dc276d464,SITC LICHENG,477732700,9924077.0,VRUH6,CONTAINER,189.0,32.0,148.0,41.0,20.0,12.0,27046.0
19ee8921-debc-3a65-83d2-993b27a18923,CMA CGM RIVOLI,228397600,9839193.0,FMNG,CONTAINER,400.0,62.0,116.0,284.0,38.0,24.0,236583.0
1a0ae5fb-9876-3f87-8dcb-0a970cbb4dd5,KMTC LAEM CHABANG,636017768,9772230.0,D5MP9,CONTAINER,172.0,27.0,131.0,41.0,6.0,21.0,18318.0
1a1705d3-f240-38a6-87f1-93535dc8310a,SPIRIT OF LISBON,538090492,9431800.0,V7RD6,CONTAINER,261.0,32.0,193.0,68.0,16.0,16.0,40541.0
1aceca01-5296-31e3-a178-cf1972a3e41e,CMA CGM THALASSA,215657000,9356294.0,9HA5230,CONTAINER,347.0,44.0,260.0,87.0,22.0,22.0,128600.0
1ad2df37-e4f8-3a69-83c0-79fee34ef94f,SITC HOCHIMINH,477203300,9639608.0,VRLI3,CONTAINER,143.0,23.0,130.0,13.0,18.0,5.0,9734.0
1ad88086-b39f-361e-92dd-8396ad8e508a,HYUNDAI JUPITER,232018919,9725134.0,MEED8,CONTAINER,324.0,48.0,116.0,208.0,20.0,28.0,110632.0
1b1db21c-fdd7-3b70-9cc3-652e6b519a0c,COSCO FOS,477947700,9484302.0,VRKR6,CONTAINER,261.0,32.0,192.0,69.0,21.0,11.0,40447.0
1b84f677-d057-3f63-94cd-8a9466744c58,SEAMAX NORWALK,538007063,9290464.0,V7VT5,CONTAINER,300.0,42.0,230.0,70.0,22.0,20.0,82794.0
1c2dbbe9-ca03-3167-a797-2c7f1e61b561,ZIM NORFOLK,636016983,9710220.0,D5IS4,CONTAINER,300.0,48.0,226.0,74.0,18.0,30.0,94416.0
1c35cd54-ae25-3907-b604-4d6d62dbaa3d,HYUNDAI BUSAN,212350000,9305659.0,5BZN3,CONTAINER,304.0,40.0,228.0,76.0,15.0,25.0,74651.0
1c3c6641-e5b1-3661-8798-244678ec1fa6,CMA CGM DIGNITY,229463000,9897779.0,9HA5502,CONTAINER,366.0,51.0,110.0,256.0,30.0,21.0,150783.0
1caf3e76-3cd9-3011-a45c-da6406aea86c,DONGJIN FORTUNE,441236000,9251145.0,D7UJ,CONTAINER,130.0,20.0,110.0,20.0,15.0,5.0,7683.0
1cb97166-3e90-37c9-9175-a320a09ab7d7,MSC HAILEY ANN III,636021614,9261815.0,5LEV3,CONTAINER,208.0,30.0,191.0,17.0,20.0,10.0,25703.0
1cbd2813-17e1-3663-b984-5f293e207aba,SITC TOKUYAMA,477233700,9834026.0,VRSC2,CONTAINER,141.0,25.0,119.0,22.0,18.0,7.0,9960.0
1ce1a246-76ee-394e-9950-dcc7540fbb55,PHOENIX D,356217000,9149823.0,H8BF,CONTAINER,182.0,30.0,127.0,55.0,14.0,16.0,21611.0
1d0185ec-25cf-3720-b573-10bfea32a9b8,TS SYDNEY,538009373,9477385.0,V7A4654,CONTAINER,256.0,37.0,200.0,56.0,25.0,12.0,48444.0
1e27eea0-fe79-3a6e-937b-f8768a1cb3cb,ACACIA MING,354138000,9505522.0,3FDS5,CONTAINER,132.0,19.0,0.0,132.0,0.0,19.0,7170.0
1e9dee62-f6da-36a7-ac04-11fed78b5f40,MOL CREATION,309046000,9321237.0,C6WD9,CONTAINER,316.0,46.0,227.0,89.0,23.0,23.0,86692.0
1f221c58-25bd-39a5-964a-b277594d2c71,ONE CONTINUITY,370407000,9388352.0,3ESS2,CONTAINER,320.0,46.0,232.0,88.0,29.0,17.0,88089.0
1f281f53-56dd-344e-99c2-4fc230af5017,STARSHIP LEO,538004893,9650066.0,V7ZQ9,CONTAINER,172.0,28.0,130.0,42.0,5.0,23.0,20920.0
1f2ea525-a8a0-3af0-ad37-9fd80c5e9ea6,ONE ORINOCO,477836900,9937311.0,VRUN3,CONTAINER,330.0,48.0,113.0,217.0,36.0,12.0,114643.0
1f771129-03c6-39c0-991c-c385d0458a3a,MAERSK JABAL,565936000,9343077.0,9V5003,CONTAINER,222.0,30.0,176.0,46.0,8.0,22.0,27910.0
1f7c4c62-1359-3060-a3e4-b74400ba02d3,EASLINE LIANYUNGANG,353258000,9153082.0,3FLL8,CONTAINER,164.0,26.0,136.0,28.0,18.0,8.0,14089.0
1fdea437-5907-345f-95a9-58551af03f7f,MAERSK HAVANA,563069900,9784336.0,9V9413,CONTAINER,353.0,54.0,115.0,238.0,27.0,27.0,153744.0
2019bfe5-f4aa-3b49-a05c-8589fd94a0bd,KMTC SHENZHEN,441502000,9626417.0,D7UC,CONTAINER,223.0,30.0,174.0,49.0,21.0,9.0,28467.0
208706d0-65c9-314a-9128-6c2c1dec9e4d,YM TRANQUILITY,636021578,9792682.0,5LEQ6,CONTAINER,334.0,48.0,135.0,199.0,29.0,19.0,118524.0
20885e69-8f49-3f96-a453-fc79202bc894,HYUNDAI PARAMOUNT,636015950,9625542.0,D5DQ8,CONTAINER,255.0,38.0,199.0,56.0,10.0,28.0,52400.0
20fd0204-6472-314b-ae2c-a76784d498d5,ONE EAGLE,431552000,9741396.0,7KEK,CONTAINER,364.0,51.0,142.0,222.0,40.0,11.0,144285.0
20ff18f0-eafb-3fa0-8869-e1ec73a02c23,MSC YANG R,636021129,9227285.0,5LCL3,CONTAINER,257.0,32.0,215.0,42.0,18.0,14.0,40085.0
214c04c6-3fed-380b-a40b-621f1cece466,KMTC SINGAPORE,440493000,9217412.0,DSOA9,CONTAINER,172.0,27.0,135.0,37.0,7.0,20.0,16659.0
23017b48-b70e-32a2-8b18-76226e0c6703,MAERSK LABREA,477017600,9527063.0,VRLI9,CONTAINER,300.0,45.0,227.0,73.0,25.0,20.0,89505.0
2305ccb7-0590-365d-a1b4-3a9f9f616e82,SAN FELIPE,538005732,9698628.0,V7GN7,CONTAINER,300.0,48.0,228.0,72.0,32.0,16.0,96386.0
234219ae-7a37-3c24-8014-cf8a3da10862,TS TOKYO,538007662,9784245.0,V7DU4,CONTAINER,172.0,28.0,154.0,18.0,22.0,6.0,17249.0
234dcf5e-bbf0-357a-b766-bef651875d11,HYUNDAI AMBITION,636015607,9475703.0,D5BU6,CONTAINER,366.0,48.0,141.0,225.0,19.0,29.0,140979.0
23b86b5c-b03c-36b4-878b-96f18a5baa1a,CLEMENTINE MAERSK,220164000,9245770.0,OUQK2,CONTAINER,347.0,43.0,244.0,103.0,22.0,21.0,91921.0
23f4fd2f-e8c6-3c0a-b177-acbf53f68dce,AFIF,211888820,9732345.0,DINY2,CONTAINER,368.0,51.0,141.0,227.0,16.0,35.0,153148.0
2452329a-cd07-304e-aa9b-b17ab927ce47,MSC MIA,355798000,9839466.0,HP6643,CONTAINER,400.0,62.0,128.0,272.0,27.0,35.0,232618.0
2489ddfe-830f-3c0f-b6de-54386d68251b,KHARIS HERITAGE,440190000,9402512.0,D8BG,CONTAINER,147.0,25.0,132.0,15.0,6.0,19.0,12545.0
24a31aa5-da7f-3895-b4c6-2e19db831206,EXPRESS BERLIN,241311000,9484924.0,SVBY4,CONTAINER,349.0,46.0,256.0,93.0,27.0,19.0,114144.0
24b5ee8d-4c2a-3298-9e5c-f2471de5beeb,ZIM EUROPE,636016979,9189354.0,D5IR8,CONTAINER,278.0,40.0,190.0,88.0,24.0,16.0,66526.0
250ee94a-7207-3b1a-a992-aa2070e50de0,NIIGATA TRADER,356886000,9136230.0,3EJU8,CONTAINER,145.0,23.0,130.0,15.0,14.0,9.0,9191.0
25771a87-254a-3337-8882-39bbeee779f0,ALULA EXPRESS,636021439,9525883.0,5LDX9,CONTAINER,368.0,48.0,148.0,220.0,14.0,34.0,141077.0
257f9e00-67b9-3a9a-b420-ec1ca4ac4cb0,DONGJIN FIDES,441261000,9247302.0,D7UV,CONTAINER,130.0,20.0,111.0,19.0,10.0,10.0,7580.0
259b8e4c-8ef9-319b-9478-f8c5668822e5,LANTAU BAY,305126000,9383596.0,V2CW5,CONTAINER,143.0,23.0,116.0,27.0,17.0,6.0,9610.0
25a14198-4796-3271-a7c6-5d430d2e433e,NEW MINGZHOU 16,477224100,9656292.0,VRLS3,CONTAINER,143.0,23.0,128.0,15.0,16.0,7.0,9653.0
26200910-cef9-306c-834a-96db31cd5967,HANSA HARBURG,636092997,9435222.0,D5ZV9,CONTAINER,174.0,27.0,156.0,18.0,8.0,19.0,18321.0
264fc408-add6-3e13-8d83-baea0e1f7e84,WAN HAI 322,563113200,9871452.0,9V6492,CONTAINER,204.0,35.0,143.0,61.0,21.0,14.0,30676.0
269df24f-d715-39ab-ac4b-3cfe1577d1d2,KMTC KEELUNG,440585000,9157741.0,DSOF3,CONTAINER,168.0,27.0,133.0,35.0,12.0,15.0,16731.0
26d4a1d1-6d50-319a-b06a-b5a147d0ed23,EVER UNICORN,564995000,9196967.0,9V7963,CONTAINER,285.0,40.0,211.0,74.0,30.0,10.0,69246.0
275bb2bd-b7f2-3ddc-8219-43bd6717351e,SHANGHAI EXPRESS,218427000,9501368.0,DJBF2,CONTAINER,366.0,48.0,141.0,225.0,29.0,19.0,142295.0
280fb28d-bc6a-396d-a859-25fb00ca3597,LOA GLORY,352978178,9159878.0,3E2412,CONTAINER,184.0,27.0,140.0,44.0,20.0,7.0,16705.0
288470ce-bdef-36ae-b38b-40c32f3d77f4,SUNNY DAHLIA,441485000,9247297.0,D7UA,CONTAINER,130.0,20.0,114.0,16.0,12.0,8.0,7683.0
290b1182-c03d-360e-ad4c-03b3284a5d04,SITC XINCHENG,477798300,9926128.0,VRUP4,CONTAINER,189.0,32.0,146.0,43.0,20.0,12.0,26771.0
2947fc89-e843-3320-bfcc-dca3c198349c,MSC TIANSHAN,636020501,9305477.0,D5VZ3,CONTAINER,334.0,43.0,246.0,88.0,27.0,16.0,91649.0
297c3ce6-a91a-3701-ad7e-7f8568d1fd1c,SM LONG BEACH,441701000,9312755.0,D7FP,CONTAINER,304.0,40.0,226.0,78.0,25.0,15.0,74962.0
299edbd7-6334-32c6-956c-1bf2956151e7,MAERSK HIDALGO,563034900,9784283.0,9V5600,CONTAINER,353.0,54.0,115.0,238.0,27.0,27.0,153153.0
29f46055-0573-38e3-8985-1688e22b53ed,XIN XIN HAI 1,412208780,9623609.0,BSAV,GENERAL_CARGO,166.0,27.0,147.0,19.0,17.0,10.0,21270.0
2a359019-1345-3d14-9bb3-349aeafa9788,HONIARA CHIEF,477706200,9861902.0,VRSL9,CONTAINER,186.0,35.0,165.0,21.0,13.0,22.0,30072.0
2a895e99-abdd-37f8-83bf-ad3719daae2a,XIN QIN HUANG DAO,413073000,9304784.0,BPBD,CONTAINER,279.0,40.0,186.0,93.0,24.0,16.0,66452.0
2bad7211-1e8f-358e-992d-f1cb92aa98d7,MAERSK VALENCIA,563122100,9344954.0,9V6988,CONTAINER,175.0,27.0,157.0,18.0,14.0,13.0,18327.0
2bc4daea-325a-37dd-948d-58350409eb0e,DONGJIN VENUS,441805000,9615339.0,DSRE9,CONTAINER,143.0,23.0,119.0,24.0,12.0,11.0,9520.0
2bf01932-b8d2-344b-aa17-6f8fad2ade1b,AL JMELIYAH,211886490,9732357.0,DIFL2,CONTAINER,368.0,51.0,141.0,227.0,16.0,35.0,153148.0
2c008014-f9d5-313a-8a20-9375898979e6,CNC SATURN,215842000,9836684.0,9HA5327,CONTAINER,172.0,28.0,136.0,36.0,21.0,7.0,18652.0
2d8c95b4-bd22-391d-bbf3-c42452699958,MAERSK VICTORIA,563161900,9436185.0,9V8105,CONTAINER,175.0,27.0,156.0,19.0,8.0,19.0,18257.0
2e331d42-ed4f-3b74-9083-d2c27b8cdb27,ZIM CHARLESTON,477714100,9461506.0,VRUC3,CONTAINER,336.0,43.0,244.0,92.0,24.0,19.0,91761.0
2e5dfb75-1b4e-37ef-a33c-79728555cc62,CNC PLUTO,256143000,9760586.0,9HA5711,CONTAINER,170.0,28.0,159.0,11.0,13.0,15.0,18826.0
2ea61d1a-eba9-3f66-b827-6bd3860805ef,CMA CGM DAKAR,367619000,9436070.0,KDAB,CONTAINER,177.0,28.0,160.0,17.0,14.0,14.0,18485.0
2eb100e0-b96a-313e-8341-add160b6810c,SONGYUNHE,352153000,9160700.0,3FRF8,CONTAINER,184.0,28.0,140.0,44.0,23.0,5.0,16737.0
2eb7b8c2-68d3-3d44-a700-3138a1773c58,SITC YANTAI,477203700,9639622.0,VRLI5,CONTAINER,143.0,23.0,132.0,11.0,17.0,6.0,9734.0
2eef4e6a-000a-31f5-a67d-fd93fb534525,BF CARP,209539000,9437256.0,5BFN4,CONTAINER,139.0,23.0,125.0,14.0,9.0,14.0,9946.0
2f2fee71-f357-31a1-9f84-e79896b87cb9,YM INTERACTION,636013119,9333993.0,A8KS7,CONTAINER,172.0,27.0,129.0,43.0,18.0,9.0,16488.0
2f4cf0e5-5350-32e3-82a1-d26b83bc52e4,KMTC INCHEON,373220000,9859911.0,3FHB3,CONTAINER,172.0,27.0,130.0,42.0,7.0,20.0,17933.0
2f71556c-14d8-3ba7-ad1f-3993908cc63a,MSC ELA,353934000,9282259.0,H3MJ,CONTAINER,294.0,32.0,226.0,68.0,15.0,17.0,54304.0
2fa43c42-2700-35f5-b230-8522642e78bc,ONE ARCADIA,319211600,9468310.0,ZGOK7,CONTAINER,332.0,46.0,243.0,89.0,20.0,26.0,105644.0
30f6d485-8895-3c0c-bd25-8a6472b01713,PRESIDENT EISENHOWER,303352000,9295220.0,KPES,CONTAINER,299.0,42.0,226.0,73.0,21.0,21.0,82794.0
3108bad0-7f4f-349b-bac5-4bc8fc207336,WAN HAI 286,563129900,9871335.0,9V6504,CONTAINER,175.0,28.0,131.0,44.0,3.0,25.0,20924.0
316746b5-6a35-3621-a5e8-499422c7e514,SKY CHALLENGE,440278000,9705445.0,D7OM,CONTAINER,172.0,27.0,129.0,43.0,5.0,22.0,20738.0
316b95de-3272-3117-8866-0c185b46d4ba,KMTC POHANG,354401000,9848900.0,3FNQ,CONTAINER,172.0,27.0,130.0,42.0,21.0,6.0,17933.0
317fd413-5ccb-3045-bdb2-c06217e9195d,EVER LEGION,566970000,9604110.0,9V9725,CONTAINER,335.0,46.0,231.0,104.0,15.0,31.0,98882.0
324055ef-d643-31ed-881c-d22c0f0c87fd,BAL BRIGHT,374990000,9367970.0,3FWI8,CONTAINER,145.0,22.0,122.0,23.0,9.0,13.0,9549.0
328341ac-5333-31d0-ab4a-bccb060f072b,SEASPAN LUMACO,477207600,9443487.0,VRFB5,CONTAINER,260.0,32.0,190.0,70.0,25.0,7.0,40541.0
328496a7-7f94-3559-85eb-f4d0d84605ac,GUNVOR MAERSK,220413000,9302891.0,OYGC2,CONTAINER,367.0,42.0,264.0,103.0,21.0,21.0,97933.0
32e71e5c-9818-3ee3-be14-3fd16a10dbaa,MSC RAVENNA,636092268,9484431.0,A8ZU8,CONTAINER,366.0,51.0,142.0,224.0,28.0,23.0,153115.0
3332acdd-8007-3ea1-a5a8-ab72edb62070,XIAMEN,636021857,9318151.0,5LGA7,CONTAINER,260.0,32.0,192.0,68.0,12.0,20.0,39906.0
3374aa5c-0687-3994-97d8-f567f052b338,ALS APOLLO,636092765,9401063.0,D5NK2,CONTAINER,260.0,32.0,192.0,68.0,19.0,13.0,40030.0
3397c8c3-bdbf-3d2e-bf22-c00d2ab15ba5,PACIFIC SINGAPORE,563147400,9433937.0,9V7740,CONTAINER,129.0,20.0,116.0,13.0,7.0,13.0,7464.0
33b02241-bf67-3475-b8ca-d23eb7a9d53f,CAPE FARO,538002591,9347712.0,V7JZ2,CONTAINER,170.0,25.0,152.0,18.0,13.0,12.0,15995.0
3415a72f-2515-3460-bc29-13d55d02042c,ZIM KINGSTON,249474000,9389693.0,9HSZ9,CONTAINER,260.0,32.0,191.0,69.0,20.0,12.0,40030.0
34aa2d0b-c025-38aa-99fe-7dde50194a71,MSC OSCAR,355906000,9703291.0,3FBT7,CONTAINER,396.0,59.0,145.0,251.0,36.0,23.0,192237.0
34ce9e7c-69e5-3cba-bc56-32969350dd49,SITC KANTO,477137700,9728007.0,VROR6,CONTAINER,172.0,28.0,130.0,42.0,19.0,9.0,17119.0
34db3d2a-e5bc-36e6-929e-bc34c9cc77f8,EVER FAITH,355623000,9850525.0,3EVZ8,CONTAINER,334.0,48.0,131.0,203.0,20.0,28.0,112836.0
354c5e8e-7c7f-3f4d-b235-9469c365d9e6,WAN HAI 291,563143100,9871385.0,9V6511,CONTAINER,175.0,29.0,131.0,44.0,3.0,26.0,20899.0
359c56f2-173d-3c3c-a6f8-e04b679895de,SUNNY IRIS,538005291,9669639.0,V7CN8,CONTAINER,146.0,22.0,117.0,29.0,16.0,6.0,9910.0
35abd292-aa18-368f-9d78-f5e808e3bc6d,HMM DHAKA,440185000,9658458.0,D7FN,CONTAINER,185.0,30.0,168.0,17.0,8.0,22.0,25145.0
35d4c2d0-f554-3409-a1cf-e77cf5375359,SEASPAN OSPREY,477539600,9786736.0,VRTG6,CONTAINER,330.0,48.0,108.0,222.0,30.0,18.0,113976.0
35fc943c-a62a-35e7-ade6-c778b914fc87,SAWASDEE RIGEL,538010501,9943803.0,V7A6129,CONTAINER,172.0,27.0,131.0,41.0,21.0,6.0,18072.0
368a4d6f-43bd-313e-85b5-fc83f676cf5c,INCEDA,538008691,9825398.0,V7A2661,CONTAINER,171.0,28.0,154.0,17.0,21.0,7.0,19035.0
36ac03c5-7a71-33b7-bebc-270679aa0275,HMM RAON,636020746,9869215.0,5LAM9,CONTAINER,366.0,51.0,112.0,254.0,18.0,33.0,152003.0
36bca98c-180c-3cf8-a073-1353d7960552,MAERSK ESMERALDAS,357104000,9502972.0,HPDM,CONTAINER,366.0,48.0,142.0,224.0,29.0,19.0,141754.0
36f948d8-264b-3c91-a629-667e5297fad5,GERDA MAERSK,220598000,9359052.0,OUJS2,CONTAINER,367.0,42.0,265.0,102.0,21.0,21.0,98268.0
3706065a-0e8e-3544-92c6-0766e4bd09c4,CMA CGM GANGES,256104000,9718117.0,9HA5697,CONTAINER,299.0,48.0,125.0,174.0,17.0,31.0,94730.0
370eb9bb-e4a5-3d2b-b613-72a56ec1f17b,EVER FOCUS,374158000,9850537.0,H9DU,CONTAINER,334.0,48.0,128.0,206.0,18.0,30.0,112836.0
3712bfeb-f326-3111-a845-3b3ac0cd9fdc,PEGASUS YOTTA,440562000,9301316.0,DSOE5,CONTAINER,143.0,24.0,114.0,29.0,18.0,6.0,9522.0
372022eb-d115-353e-b39c-1b29c7d29aff,WIDE JULIET,538005752,9698264.0,V7GR2,CONTAINER,255.0,37.0,194.0,61.0,10.0,27.0,51872.0
379076c7-43f3-3c82-b681-cf63093f73a3,SEASPAN HARRIER,477159600,9793923.0,VRRQ8,CONTAINER,330.0,48.0,113.0,217.0,30.0,18.0,113825.0
3798a2e4-cf94-324d-8e93-c1116009dad3,KANWAY GALAXY,351663000,9163441.0,3FUH7,CONTAINER,193.0,28.0,150.0,43.0,20.0,8.0,18602.0
37b32ae0-4663-354b-a39b-b49fc5e470d7,APL LE HAVRE,566407000,9461881.0,9V9375,CONTAINER,354.0,46.0,268.0,86.0,32.0,14.0,113735.0
37b4ec54-3ea5-3ede-85e3-ba420e3fbc5d,KMTC SURABAYA,354467000,9821081.0,3ELX9,CONTAINER,200.0,35.0,182.0,18.0,23.0,12.0,28517.0
37c676e5-7a8a-3f64-bbe5-da284c669d85,MSC EMILY II,636021412,9236444.0,5LDV5,CONTAINER,185.0,26.0,166.0,19.0,20.0,6.0,16802.0
37c87560-6cbc-3bc7-8ec8-b70a993e6929,MAERSK ALTAIR,565570000,9342499.0,9VEN2,CONTAINER,337.0,46.0,240.0,97.0,16.0,30.0,108393.0
383c7491-2cde-301d-b6b8-4a21d0967330,CMA CGM RACINE,248431000,9406647.0,9HA2362,CONTAINER,300.0,40.0,225.0,75.0,20.0,20.0,72884.0
384ae8d2-8bfa-3278-9cb1-e8c2d38357a2,DOOWOO FAMILY,440065000,9014121.0,DSRB8,CONTAINER,139.0,22.0,115.0,24.0,10.0,12.0,8616.0
385e02a7-c0b0-3ac8-b040-fd51cbb70961,CMA CGM RIGOLETTO,228354600,9299654.0,FMHR,CONTAINER,349.0,43.0,260.0,89.0,22.0,21.0,107711.0
391b5e72-5604-38e3-bf92-2cdc784375cb,MAERSK SARNIA,563000800,9289946.0,9V5244,CONTAINER,335.0,43.0,245.0,90.0,13.0,30.0,93511.0
3957944c-3c35-3c26-9fd1-1b68ad49d840,NAVIOS LAPIS,538003651,9431680.0,V7SG8,CONTAINER,261.0,32.0,193.0,68.0,14.0,18.0,40542.0
39617835-e6ca-3eaa-adca-2efb6454e26d,MAERSK SALALAH,219229000,9352016.0,OZDM2,CONTAINER,334.0,43.0,253.0,81.0,18.0,25.0,91427.0
398f2d44-8ae0-3063-b33d-fd75051bb0c0,MSC FATMA,636021768,9927251.0,5LFO9,CONTAINER,366.0,51.0,110.0,256.0,30.0,21.0,150783.0
39e43be2-1595-3f71-84ef-bd1968b87698,HANSA AUGSBURG,636091575,9373474.0,A8PN3,CONTAINER,176.0,28.0,17.0,159.0,14.0,14.0,18327.0
3a516512-fc70-3e81-86a5-71cac0088c50,POS YOKOHAMA,440349000,9164603.0,DSOU4,CONTAINER,144.0,21.0,115.0,29.0,14.0,7.0,8306.0
3a7d581e-206d-350c-9e21-baa84db0e112,MAERSK HALIFAX,563030500,9784271.0,9V5395,CONTAINER,353.0,54.0,115.0,238.0,27.0,27.0,153153.0
3aa7af2c-ed09-3ac1-845a-6f511aa89863,SUNNY MAPLE,441158000,9133484.0,DSFS5,CONTAINER,107.0,17.0,82.0,25.0,12.0,5.0,3993.0
3b9f7abb-1f7a-3c59-af5f-b68d7e5617a9,HUA HANG HAN YA 1,413334630,9879533.0,BOBO4,CONTAINER,125.0,21.0,117.0,8.0,17.0,4.0,7345.0
3bb6be1a-f2bc-3e75-a19a-811a9f8e945d,HYUNDAI FORCE,538007481,9347566.0,V7PT8,CONTAINER,340.0,46.0,243.0,97.0,15.0,31.0,94511.0
3c1259c5-2c3a-30c2-879a-a3bc73f75f1a,HOPE ISLAND,538006207,9263320.0,V7KU3,CONTAINER,231.0,32.0,181.0,50.0,12.0,20.0,35975.0
3c1f7774-c400-3d7d-bf00-82070a9bbedf,SPIL NIKEN,352986169,9273947.0,3E3921,CONTAINER,208.0,30.0,191.0,17.0,15.0,15.0,25709.0
3c294563-3e7b-39d1-bc5e-6c563eac8363,HYUNDAI PRESTIGE,636015806,9625528.0,D5CX8,CONTAINER,255.0,37.0,209.0,46.0,17.0,20.0,52467.0
3e2b3a23-f47e-3235-be96-a0c22d4978bd,NAGOYA TRADER,440516000,9517628.0,D8TG,CONTAINER,145.0,22.0,119.0,26.0,5.0,17.0,9517.0
3e7b4586-7a87-3dd6-a635-00f23e72d2bd,KOTA SURIA,564796000,9681326.0,9V2132,CONTAINER,228.0,37.0,179.0,49.0,7.0,30.0,41567.0
3ec436b2-b50a-372f-a5b3-2d54b6cbf6ab,PEGASUS PRIME,441568000,9283162.0,DSQG5,CONTAINER,128.0,20.0,104.0,24.0,14.0,6.0,7406.0
3ecad870-3ec9-31aa-b76d-d966189fea9c,CNC VENUS,248966000,9817884.0,9HA4890,CONTAINER,172.0,28.0,151.0,21.0,9.0,19.0,19035.0
3f1b3310-4ac4-3de1-87f2-c02d25360cef,MSC ELISA XIII,636018572,9463059.0,D5QH7,CONTAINER,366.0,48.0,142.0,224.0,30.0,18.0,141649.0
3f274635-4c1b-35ed-aedb-651755c6d194,HYUNDAI PLUTO,232018901,9725160.0,MEDZ8,CONTAINER,324.0,48.0,116.0,208.0,20.0,28.0,110632.0
3f64938d-65d8-3488-bdf2-04f395fa95e3,QINGDAO TOWER,636015930,9233832.0,D5DN9,CONTAINER,259.0,32.0,192.0,67.0,16.0,16.0,39941.0
3fe9bfe6-9a02-30e0-a11c-09c8c5f5398b,EVER LUCENT,564345000,9629067.0,9V9792,CONTAINER,334.0,46.0,229.0,105.0,34.0,12.0,100254.0
3fefbd6c-5a91-3fd6-99a4-6a9bbe6e8791,XIUMEI SHANGHAI,441883000,9138264.0,DSRJ5,CONTAINER,168.0,27.0,153.0,15.0,12.0,15.0,15929.0
402b3048-1b7b-3f69-a9e4-0e2ac4a7f41d,XIN XIN TIAN 1,477537400,9320025.0,VRPU7,CONTAINER,222.0,30.0,167.0,55.0,23.0,7.0,27971.0
4045cee0-0455-354c-a7bb-09900b0c6685,DATU HONOR,352001637,8356766.0,3E3691,GENERAL_CARGO,138.0,20.0,100.0,38.0,8.0,12.0,
40465a00-b9fb-31b4-9408-14d66bf28a4d,QI YUN HE,353066000,9228760.0,H3TP,CONTAINER,183.0,28.0,138.0,45.0,17.0,11.0,16738.0
40c548e8-655a-3990-9c04-0521d33de81f,SINOKOR QINGDAO,441952000,9160906.0,D8BE,CONTAINER,136.0,22.0,120.0,16.0,11.0,11.0,9030.0
415ad529-4fa5-3e27-8fa8-134a523ce60f,CMA CGM OTELLO,228353600,9299628.0,FMEJ,CONTAINER,334.0,43.0,242.0,92.0,16.0,27.0,91410.0
41d885ce-c2dd-34f3-97cd-29baefd128d5,X PRESS KILIMANJARO,636013001,9318175.0,A8JX3,CONTAINER,261.0,32.0,192.0,69.0,13.0,19.0,40110.0
42687c03-7441-3f95-99f5-e139eb624126,HANSA LANKA,636092974,9357793.0,A8OY2,CONTAINER,182.0,25.0,168.0,14.0,11.0,14.0,17964.0
430d4539-5af9-38fe-bada-cd014f1e92be,HANSA BITBURG,636092998,9435234.0,D5ZW2,CONTAINER,175.0,27.0,158.0,17.0,4.0,23.0,18321.0
432c48bd-47af-319f-9db7-fa266965d9b2,GSL VIOLETTA,636020776,9214202.0,5LAQ9,CONTAINER,279.0,40.0,186.0,93.0,18.0,22.0,66289.0
43429803-5521-34c2-be29-9589a262b504,MSC CARPATHIA III,636022611,9253038.0,A8HI8,CONTAINER,222.0,30.0,179.0,43.0,15.0,15.0,27779.0
43492664-e298-34e3-8fd8-ab4f70d6e941,SEAMASTER,229584000,9625920.0,9HA3425,CONTAINER,170.0,30.0,134.0,36.0,8.0,22.0,20239.0
4366fe62-3cd2-3bab-b796-30fe2b4cf859,PANCON SUCCESS,441875000,9635420.0,DSRI7,CONTAINER,145.0,22.0,113.0,32.0,14.0,8.0,9892.0
437c3109-f40f-35b1-aa74-1dd7df7491b4,BSG BIMINI,636093030,9333058.0,5LCB2,CONTAINER,222.0,32.0,169.0,53.0,19.0,13.0,35573.0
43a57afa-5c6b-3fc4-b0fe-757d39e27ebd,EVER LIVING,563143000,9629031.0,9V9791,CONTAINER,335.0,46.0,229.0,106.0,33.0,13.0,100254.0
44ba19ef-80e0-3c4b-b89f-e218c0734fdf,ONE COMPETENCE,431315000,9339662.0,7JWL,CONTAINER,316.0,46.0,227.0,89.0,31.0,15.0,87035.0
4521f1bf-2192-3de3-9ac1-bfeb60dba293,MAERSK ALGOL,565819000,9342528.0,9VFV5,CONTAINER,337.0,46.0,244.0,93.0,28.0,18.0,108393.0
45613363-2396-3a72-8d67-02c246e26a56,PORTO GERMENO,636020870,9260902.0,5LBC8,CONTAINER,280.0,40.0,210.0,70.0,11.0,29.0,66573.0
459b5c60-a998-3728-a7bb-b346bca6670a,SAWASDEE THAILAND,440075000,9377705.0,D7EE,CONTAINER,172.0,28.0,132.0,40.0,18.0,10.0,17518.0
45c1d009-65fb-32f0-8aac-9ab2a1732867,POS BANGKOK,371369000,9859648.0,3FDX9,CONTAINER,172.0,27.0,131.0,41.0,21.0,6.0,18085.0
45d7ea5e-df26-3c64-9621-e021870d7e46,REVERENCE,311272000,9250933.0,C6SB9,CONTAINER,142.0,22.0,129.0,13.0,2.0,20.0,9990.0
45ff0607-cbab-348b-aff1-4f3102f90887,SEAMAX MYSTIC,538006767,9732606.0,V7RB9,CONTAINER,300.0,48.0,126.0,174.0,30.0,18.0,93702.0
46944094-c093-31c0-a682-1602b7eafd21,BELLAVIA,636092778,9290440.0,D5OB9,CONTAINER,294.0,32.0,221.0,73.0,16.0,16.0,53807.0
476f1784-dab6-3541-b149-2af0496e63e2,APL DANUBE,229726000,9674517.0,9HA3553,CONTAINER,300.0,49.0,132.0,168.0,30.0,19.0,95263.0
47771b48-ed50-3fbb-915b-fe5e1148b801,PANCON GLORY,441872000,9635418.0,DSRI4,CONTAINER,146.0,23.0,113.0,33.0,11.0,12.0,9892.0
47b51e18-ace8-3784-8bca-e04e89841277,SM NINGBO,440151000,9312937.0,D7FG,CONTAINER,304.0,40.0,227.0,77.0,25.0,15.0,74962.0
47ddacd1-9138-3841-ae78-145a3a9a55ed,YM WISH,477006500,9684641.0,VROC3,CONTAINER,368.0,51.0,144.0,224.0,31.0,20.0,144651.0
481110a1-7609-3527-8e8b-0d18244fb604,ONE MILANO,371076000,9757187.0,3FAY4,CONTAINER,366.0,52.0,142.0,224.0,26.0,26.0,150706.0
484b7751-22f1-31ed-9787-df900b26d866,TIGER OCEAN,563071300,9793727.0,9V6143,CONTAINER,186.0,35.0,166.0,20.0,15.0,20.0,31368.0
486cf4e6-d6d1-34ac-bbab-2531a4fef9cb,MSC AURIGA,255806338,9857183.0,CQEB7,CONTAINER,366.0,51.0,112.0,254.0,36.0,15.0,149525.0
498da270-05a2-3bf6-a7f5-8e9e6abe2908,MSC SINDY,372736000,9336048.0,3EKJ3,CONTAINER,337.0,46.0,258.0,79.0,20.0,26.0,107849.0
49d21dac-232c-38ae-af8e-453795e23494,ERVING,235084298,9463023.0,2EDZ5,CONTAINER,366.0,48.0,142.0,224.0,30.0,18.0,141649.0
4a156f9b-f58d-301d-b654-18f938d75078,CMA CGM GEORGE SAND,256311000,9332884.0,9HA5792,CONTAINER,293.0,40.0,220.0,73.0,28.0,12.0,71786.0
4a3d5c24-c282-3a04-b4bf-11e61ef4731f,EVER FULL,636021462,9850903.0,5LEA8,CONTAINER,333.0,48.0,130.0,203.0,28.0,20.0,116295.0
4ac3bf06-70c3-347c-9b6f-e56922dbcee7,ALEXANDER BAY,636015897,9238777.0,D5DJ5,CONTAINER,260.0,32.0,206.0,54.0,31.0,1.0,39941.0
4adad4fd-1676-3cc6-9009-22513899abab,MSC VANDYA,373005000,9484467.0,3FDW4,CONTAINER,365.0,49.0,140.0,225.0,28.0,21.0,143521.0
4ae28344-0e5e-3f63-9dbb-06b17d5dc28a,SITC FUJIAN,477967300,9700938.0,VRNQ5,CONTAINER,172.0,28.0,130.0,42.0,18.0,10.0,17360.0
4b3458a8-caa2-38bd-a66e-58e2347c4579,XIANG REN,351135000,9161821.0,3EBO,GENERAL_CARGO,122.0,20.0,100.0,22.0,9.0,11.0,6102.0
4b3a8241-4c93-3124-b708-96549c1bfda2,SITC LIANYUNGANG,477024800,9639634.0,VRKS6,CONTAINER,143.0,23.0,126.0,17.0,17.0,6.0,9734.0
4b7e1abd-907b-33e2-a5cc-e0d89a3deea9,ZENITH LUMOS,232029038,9864215.0,MHVR6,CONTAINER,366.0,51.0,112.0,254.0,36.0,15.0,149525.0
4c4e10af-a512-3551-894a-f43fb644617b,MAERSK LIRQUEN,477423500,9526887.0,VRKB8,CONTAINER,300.0,45.0,226.0,74.0,27.0,18.0,88237.0
4cf984dc-aba6-3ece-885a-f6c2f91f4b15,CMA CGM CALLISTO,215192000,9410753.0,9HA5006,CONTAINER,363.0,46.0,273.0,90.0,16.0,30.0,131332.0
4dee6997-2337-3c50-9d36-4512c3f1e078,CMA CGM VIRGINIA,215165000,9351139.0,9HA4990,CONTAINER,294.0,33.0,223.0,71.0,22.0,11.0,54309.0
4df2fe44-7d54-3e9c-a8aa-b6cff14def27,YM COSMOS,636018264,9198288.0,D5OX7,CONTAINER,274.0,40.0,182.0,92.0,20.0,20.0,64254.0
4e1694ce-5eb1-3e7f-b22d-6546396c341f,CONTI CONTESSA,256011000,9293806.0,9HA5658,CONTAINER,334.0,42.0,259.0,75.0,21.0,21.0,90449.0
4e27bc10-d1ec-356b-8d56-9050c7fa3cb4,XIN TIAN JIN,413053000,9234343.0,BPAQ,CONTAINER,280.0,40.0,183.0,97.0,25.0,15.0,66433.0
4e49cb14-7dd3-3a74-84b4-6106452f6abc,ZIM USA,477842400,9945473.0,VRUN2,CONTAINER,330.0,48.0,109.0,221.0,30.0,18.0,113828.0
4e95f409-b5de-3bc9-ad36-66078710f0b3,BAL STAR,351702000,9224350.0,HPYS,CONTAINER,128.0,20.0,98.0,30.0,12.0,8.0,7409.0
4f90b281-9d7b-3fd0-9492-4de5ca65e383,YM TRUTH,636019983,9860910.0,D5XC4,CONTAINER,332.0,48.0,109.0,223.0,20.0,28.0,115761.0
4fd29737-c0cb-30ab-919c-f67d212959a1,CO NAGOYA,370320000,9380271.0,3ESJ8,CONTAINER,260.0,32.0,192.0,68.0,16.0,16.0,40165.0
4fe364e7-f7f9-3818-a0d9-097f56ca9727,MSC JASPER VIII,255806034,9466960.0,CQIP9,CONTAINER,333.0,43.0,257.0,76.0,17.0,26.0,94407.0
509e7cec-49d6-3c4a-b3a7-f84cddb45cb2,TS NANSHA,538010176,9914149.0,V7A5717,CONTAINER,189.0,32.0,150.0,39.0,20.0,12.0,27208.0
50c44807-013e-3289-8790-08d24d87ea3c,HMM LE HAVRE,352260000,9868314.0,HOLL,CONTAINER,400.0,61.0,132.0,268.0,20.0,41.0,228283.0
51ad7b91-47b0-3788-b518-3ee7405cf64a,SAWASDEE PACIFIC,538008834,9879363.0,V7A2812,CONTAINER,172.0,27.0,132.0,40.0,21.0,6.0,17500.0
521c1710-1fb6-34f9-a60f-66bf5f88eacf,HMM GDANSK,374241000,9863326.0,3FXA4,CONTAINER,400.0,61.0,132.0,268.0,20.0,41.0,228283.0
521e5354-e1ad-3b80-b6a0-214582b3cba4,HENG YU,412953000,9158238.0,BTUV,GENERAL_CARGO,127.0,21.0,116.0,11.0,15.0,6.0,7589.0
527859f1-afab-3c70-808f-14f968b2c123,MERETE MAERSK,219581000,9632064.0,OWQZ2,CONTAINER,399.0,60.0,146.0,253.0,30.0,30.0,194849.0
52a0bf0e-680b-331f-ab08-21b5192584dc,SINOTRANS SHANGHAI,477242600,9633745.0,VRMK8,CONTAINER,144.0,22.0,117.0,27.0,17.0,5.0,9930.0
52be0ef8-3d2f-3c12-8337-a640e2a6d6cc,SUNNY COSMOS,538005520,9691773.0,V7ER6,CONTAINER,145.0,22.0,112.0,33.0,18.0,4.0,9988.0
530f8f07-010e-372d-93b3-8f7a4e1cedf9,PEARL RIVER BRIDGE,356367000,9444986.0,3FZD7,CONTAINER,172.0,28.0,136.0,36.0,20.0,8.0,17211.0
54019173-cc3e-3d70-a15f-b28d802f12e7,MSC KERRY,355218000,9062960.0,3FJF8,CONTAINER,239.0,32.0,194.0,45.0,27.0,5.0,37323.0
541eb91e-4c7a-35bb-bd09-77ccc421c082,STARSHIP DRACO,538010005,9939292.0,V7A5451,CONTAINER,172.0,27.0,131.0,41.0,21.0,6.0,18354.0
5425ece7-d8cd-35a6-b38b-c79569c3f8ae,MSC MARA,636021470,9932892.0,5LEB8,CONTAINER,364.0,51.0,111.0,253.0,16.0,35.0,152165.0
5431673d-2bd5-3417-9b2b-78634cfd7c85,SEASPAN RAPTOR,477159700,9793911.0,VRRQ7,CONTAINER,330.0,48.0,113.0,217.0,35.0,13.0,113828.0
548c0107-995e-31e1-b717-ff53aed332d2,MSC ANA CAMILA III,636020962,9261827.0,5LBP2,CONTAINER,208.0,30.0,200.0,8.0,18.0,12.0,25703.0
54c9340c-3927-3094-8a45-d52078b71e29,YM PLUM,636018262,9198264.0,D5OX5,CONTAINER,274.0,40.0,181.0,93.0,20.0,20.0,64254.0
553010e0-1f3e-3b7f-80c5-1d99238832bd,SITC GUANGDONG,477855900,9700952.0,VRNQ6,CONTAINER,172.0,28.0,130.0,42.0,20.0,8.0,17360.0
555cb508-1c9a-3fa7-8d92-7f98b910e61a,MAERSK ELBA,219198000,9458078.0,OYHL2,CONTAINER,366.0,48.0,142.0,224.0,33.0,15.0,141716.0
560e2d73-9137-37bd-964d-713ec0e13afb,STARSHIP AQUILA,538007312,9792503.0,V7IQ5,CONTAINER,172.0,27.0,129.0,43.0,20.0,7.0,18064.0
5622a45f-9e2e-3e59-b30e-3722ccbdeea5,HANNAH SCHULTE,565222000,9301938.0,9VEZ2,CONTAINER,210.0,30.0,167.0,43.0,11.0,19.0,26671.0
56a95bc4-2076-353a-a7f2-dfe4d7b78c25,MSC FEBE,372729000,9839478.0,3EXK8,CONTAINER,400.0,62.0,128.0,272.0,27.0,35.0,232618.0
56b7c814-42d4-3ead-ae72-5615100eba37,SITC TIANJIN,355898000,9330575.0,3EGN,CONTAINER,145.0,22.0,119.0,26.0,14.0,8.0,9531.0
574ed127-afa7-3cca-a3c1-46da9ced0dec,COSCO PORTUGAL,477271400,9516466.0,VRNI6,CONTAINER,366.0,52.0,142.0,224.0,23.0,29.0,153666.0
5750eb38-bf87-398a-89bb-a7bfeb53ab9f,KMTC TIANJIN,441933000,9315848.0,DSMA4,CONTAINER,222.0,30.0,177.0,45.0,21.0,9.0,28927.0
57cb1510-e7d6-357b-949f-4802224c6de7,SAWASDEE CAPELLA,538010399,9943798.0,V7A5992,CONTAINER,172.0,27.0,131.0,41.0,21.0,6.0,18072.0
5808b892-f82c-3357-90e3-85effb0df39a,SUNNY ACACIA,356481000,9689665.0,3FUU5,CONTAINER,137.0,25.0,123.0,14.0,19.0,6.0,9867.0
58420aec-f221-3100-8316-dec0b524d2c6,GANTA BHUM,563139700,9315862.0,9V7482,CONTAINER,222.0,30.0,175.0,47.0,15.0,15.0,28592.0
585934a7-b3be-3880-aa15-40c7f27b5703,CMACGM JACQUES SAADE,228386700,9839179.0,FLZE,CONTAINER,400.0,62.0,116.0,284.0,38.0,24.0,236583.0
59162aed-8981-3f6f-bae5-cee5ad6aaf5d,EVER LASTING,235093618,9595450.0,2FRK7,CONTAINER,335.0,46.0,230.0,105.0,20.0,26.0,98882.0
5928ab6a-da98-33f6-a5ce-f567b7ca71ca,CMA CGM BLUE WHALE,215175000,9317963.0,9HA4994,CONTAINER,295.0,33.0,225.0,70.0,24.0,9.0,54309.0
592ecc5f-1f2c-3266-aa8a-ff5ed825f904,ACACIA VIRGO,352689000,9338292.0,3ESH9,CONTAINER,148.0,23.0,137.0,11.0,13.0,10.0,9954.0
59453876-7bd5-31b8-9c01-f58800fed1ae,SITC KAOHSIUNG,477521800,9404510.0,VRTE8,CONTAINER,139.0,23.0,127.0,12.0,6.0,17.0,9280.0
59ada655-4ae6-32cc-ba63-7b3b9421e11f,SAWASDEE CHITTAGONG,538009929,9940758.0,V7A5355,CONTAINER,172.0,27.0,131.0,41.0,20.0,7.0,18051.0
59b78c36-ce29-3266-813a-85976eeee38d,SAWASDEE SUNRISE,538008837,9886079.0,V7A2815,CONTAINER,172.0,27.0,132.0,40.0,21.0,6.0,18051.0
59dd1558-abbc-3a22-bf1b-693379cee19c,OOCL POLAND,477182200,9622588.0,VRLJ2,CONTAINER,366.0,48.0,144.0,222.0,18.0,30.0,141003.0
59f08119-9e6b-3cad-9c80-c73acfc47501,JOSCO BELLE,413284260,9330757.0,BOQQ8,CONTAINER,143.0,23.0,120.0,23.0,18.0,5.0,9590.0
5ae94145-0bd0-3f47-8ee3-7696fd6216cd,NORDTIGER,212283000,9626247.0,5BCH4,CONTAINER,170.0,28.0,157.0,13.0,15.0,13.0,18826.0
5b1e3229-28ed-33ff-b565-68349c8001d1,SITC TOYOHASHI,477209100,9834014.0,VRSB9,CONTAINER,141.0,25.0,115.0,26.0,19.0,6.0,9967.0
5b3fba10-4348-370e-a32e-6785cf04e26c,COSCOSHIPPING ORCHID,477286200,9785770.0,VRSK7,CONTAINER,366.0,48.0,142.0,224.0,28.0,20.0,143179.0
5b611d3c-3fa4-3e4b-ae9d-d63a102dda29,PACIFIC QINGDAO,636018863,9498688.0,D5RS8,CONTAINER,129.0,20.0,117.0,12.0,10.0,10.0,7464.0
5b9a5ebc-8167-311a-b7b7-5d41643116d1,ZIM MOUNT EVEREST,477871400,9931109.0,VRUX8,CONTAINER,366.0,51.0,111.0,255.0,21.0,30.0,152204.0
5bb313e3-c709-3ad3-b90e-6e043fb0e33d,SEASPAN BRIGHTNESS,477518600,9685346.0,VRNL9,CONTAINER,337.0,48.0,244.0,93.0,31.0,17.0,113042.0
5bef8615-b765-3082-9054-104c4e05e907,HUI DA 9,352978135,9714941.0,3E3964,CONTAINER,180.0,32.0,151.0,29.0,24.0,8.0,28364.0
5c106d93-ad48-3eae-975a-0ba55b0837a9,MAERSK SARAT,636017102,9732591.0,D5JH6,CONTAINER,300.0,48.0,126.0,174.0,30.0,18.0,93702.0
5d1b3557-61ef-39d6-a904-b3361c69972c,PACIFIC CARRIER,563158400,9378943.0,9V7922,CONTAINER,147.0,23.0,133.0,14.0,10.0,13.0,9940.0
5d2747e0-03b0-3d33-824d-f10c8f732c4d,LOA HARMONY,538090625,9734214.0,V7A5679,CONTAINER,160.0,24.0,141.0,19.0,10.0,14.0,15832.0
5d9fb676-1b21-34d6-88c7-31381fc20dd4,CNC BANGKOK,229334000,9706279.0,9HA5470,CONTAINER,172.0,27.0,155.0,17.0,15.0,12.0,17907.0
5e27f453-7817-37f8-a757-4dd2a0d1d28b,DONGJIN CONTINENTAL,441283000,9891933.0,D7VD,CONTAINER,141.0,25.0,112.0,29.0,18.0,7.0,9946.0
5ea4c43d-d3f3-3524-927d-37bb886ec172,MSC MICHELLE,636020599,9897016.0,D5ZY4,CONTAINER,400.0,61.0,128.0,272.0,34.0,27.0,228750.0
5f917cb1-f0d1-32a8-80b3-e8ea671e0509,STARSHIP TAURUS,538007311,9792498.0,V7IQ4,CONTAINER,172.0,27.0,129.0,43.0,20.0,7.0,18064.0
5fbfb763-4300-3546-8147-b1a5f82b31de,EVER LOVELY,563033000,9629110.0,9V9793,CONTAINER,335.0,46.0,229.0,106.0,33.0,13.0,99946.0
5fca396d-9b09-3653-b1a0-e70b9a7f4c6a,OSAKA VOYAGER,440273000,9329576.0,D7AA,CONTAINER,129.0,20.0,117.0,12.0,10.0,10.0,7464.0
608e9870-3104-3b32-a6c2-b80f6c510421,KOTA TAMPAN,563955000,9281346.0,9VIB6,CONTAINER,133.0,20.0,111.0,22.0,14.0,6.0,7725.0
60eca882-2588-3499-b6b7-6774ac03e48b,ONE AMAZON,477842200,9937323.0,VRUN4,CONTAINER,330.0,48.0,109.0,221.0,30.0,18.0,114643.0
6185f7e2-6b46-3bca-88d7-8cfa43958b75,EVER LEADING,235093619,9595462.0,2FRK8,CONTAINER,335.0,46.0,232.0,103.0,15.0,31.0,98882.0
61a08be1-b27d-3406-a1b5-bffd8b723800,SOFIA I,636017515,9426805.0,A8VA4,CONTAINER,294.0,32.0,221.0,73.0,23.0,9.0,54182.0
6210c7db-5edc-3c09-836d-5b8d50a7b4ac,SINOKOR NIIGATA,441772000,9209908.0,DSRA2,CONTAINER,119.0,15.0,105.0,14.0,6.0,9.0,6543.0
6229cd85-5e0c-33d8-9acf-4ddfc0850872,APL COLUMBUS,566953000,9597525.0,9V9920,CONTAINER,328.0,46.0,234.0,94.0,27.0,19.0,109712.0
62378ed4-ff5e-3448-93b3-ff096750f5a8,SYNERGY KEELUNG,209795000,9450595.0,5BKF5,CONTAINER,260.0,32.0,191.0,69.0,13.0,19.0,40030.0
627d80af-4188-34a8-b408-374f5ac8adfa,HEUNGA HOCHIMINH,538006981,9760299.0,V7TQ9,CONTAINER,172.0,27.0,130.0,42.0,6.0,21.0,17791.0
628372cf-51a0-34ba-a129-d112e236adf8,HISTORY ELIZABETH,636014965,9454357.0,A8XS9,CONTAINER,175.0,27.0,156.0,19.0,9.0,18.0,18321.0
62b86800-1c6e-3285-b40c-14d2e82a84e4,ZIM ROTTERDAM,636014222,9398450.0,A8SI8,CONTAINER,349.0,46.0,259.0,90.0,14.0,32.0,114044.0
6396db77-6dcf-3244-867f-4d6876616244,MARTINIQUE,636091232,9314985.0,A8KY3,CONTAINER,222.0,30.0,175.0,47.0,20.0,10.0,28927.0
63f5ecbe-1275-3df9-a528-3103b372f7a8,MSC BARI,636092188,9461441.0,A8YD3,CONTAINER,366.0,51.0,142.0,224.0,28.0,23.0,153115.0
64abb8a0-5cd2-3b1b-ab41-40855aa8a679,HAKATA VOYAGER,441973000,9329588.0,D7AJ,CONTAINER,129.0,20.0,117.0,12.0,10.0,10.0,7464.0
64c2be0f-b7c6-3dd8-97d6-47ac077f119c,WIDE HOTEL,538005750,9694593.0,V7GQ8,CONTAINER,255.0,37.0,194.0,61.0,11.0,26.0,51872.0
64c59dbc-937b-39eb-b70a-088883e1e9e4,JOSCO DIANA,413281350,9342671.0,BOQA9,CONTAINER,143.0,23.0,130.0,13.0,15.0,8.0,9590.0
64f9747e-65d9-37fc-b7f1-672307570acd,MSC TRIESTE,229622000,9484479.0,9HA3459,CONTAINER,365.0,49.0,140.0,225.0,28.0,21.0,143521.0
656154e2-3ebc-3a7a-bda6-9fa9f1425ce8,HYUNDAI SUPREME,538007487,9347619.0,V7QL3,CONTAINER,294.0,32.0,219.0,75.0,20.0,12.0,52581.0
65cb802a-fb34-3820-98d5-e69a7a82f5af,SUNNY LOTUS,373407000,9641156.0,3FYW7,CONTAINER,146.0,22.0,117.0,29.0,16.0,6.0,9910.0
65e50e83-bf44-3395-9d9a-ffdb281fffec,SM PORTLAND,441403000,9409027.0,D7WQ,CONTAINER,261.0,32.0,191.0,70.0,25.0,7.0,40839.0
65f4bfd7-5c59-3175-a7d9-1d8b2c98e298,MSC FAITH,636019213,9842085.0,D5TM2,CONTAINER,366.0,48.0,113.0,253.0,14.0,34.0,113000.0
66616981-e569-3fe1-8d02-eee8a0a102a5,APL GWANGYANG,566319000,9461879.0,9V9374,CONTAINER,349.0,46.0,263.0,86.0,32.0,14.0,113735.0
666cafc8-73f1-35b9-82e0-f8e23867a992,STAR RANGER,538009694,9915820.0,V7A5052,CONTAINER,147.0,24.0,120.0,27.0,18.0,6.0,9916.0
6693064b-7e63-3717-87c1-8644d52b69e2,TORRES  STRAIT,636092854,9357523.0,D5QU4,CONTAINER,175.0,28.0,175.0,0.0,0.0,28.0,18123.0
669a19c3-a161-3c5c-ada0-4e441db19cd7,PL GERMANY,370531000,9288394.0,3FWP7,CONTAINER,280.0,40.0,206.0,74.0,15.0,25.0,66462.0
66c3fda1-fcb3-3fb3-b199-bdb3044856c7,EVER BREED,353800000,9784154.0,H3BV,CONTAINER,211.0,33.0,164.0,47.0,21.0,12.0,32145.0
670851a5-e09e-3482-bd7c-20de93fcdc6d,AS PATRIA,255806095,9294525.0,CQIX5,CONTAINER,210.0,30.0,166.0,44.0,22.0,8.0,27100.0
67225a94-e5d2-3d3e-b44e-826b2a1f86df,XIN DA LIAN,413050000,9234331.0,BPAO,CONTAINER,280.0,41.0,184.0,96.0,17.0,24.0,66433.0
677be455-d574-311a-8a85-3607ce0cfae0,STAR SKIPPER,538007548,9448839.0,V7UJ2,CONTAINER,142.0,22.0,109.0,33.0,10.0,12.0,9520.0
6866d58e-7495-38ef-8753-3241e33c2321,OOCL GENOA,477454900,9613587.0,VROK9,CONTAINER,335.0,43.0,247.0,88.0,26.0,17.0,91499.0
68d16109-3f11-3aad-842e-1618a74586b1,SITC GUANGXI,477588800,9712395.0,VROF6,CONTAINER,172.0,28.0,130.0,42.0,20.0,8.0,17119.0
6941af05-b7b8-3623-a5d2-91178dc71c97,MAERSK ESSEN,219210000,9456783.0,OYID2,CONTAINER,367.0,49.0,143.0,224.0,33.0,16.0,141716.0
697c1f6a-facb-3f0f-a8cd-5f36b149e8aa,CMA CGM TIGRIS,256062000,9705067.0,9HA3801,CONTAINER,300.0,48.0,124.0,176.0,24.0,24.0,95793.0
697dc49d-b468-33ba-9211-71baf6633423,MSC GIANNINA II,373579000,9289051.0,3FIP4,CONTAINER,175.0,28.0,157.0,18.0,16.0,12.0,18334.0
69d32c92-a299-36b3-b17c-aa90c7a6b8e8,MAERSK HOUSTON,563078300,9848950.0,9V3092,CONTAINER,353.0,54.0,115.0,238.0,27.0,27.0,153744.0
6a285cd3-35ac-3db0-9127-c268e7b83b6d,STAR EXPRESS,441432000,9545015.0,D7XH,CONTAINER,143.0,23.0,113.0,30.0,18.0,5.0,9520.0
6a2a9ee6-3e73-325f-b15f-fde6b95d17ad,EVER UNITY,357077000,9169158.0,3FCD9,CONTAINER,285.0,40.0,211.0,74.0,10.0,30.0,69246.0
6ad0d423-acfb-35fe-ac17-6e1d4d1f9e4f,CHARLOTTE MAERSK,220059000,9245744.0,OWLD2,CONTAINER,347.0,43.0,244.0,103.0,21.0,22.0,91560.0
6b5cc5d3-fc67-367e-a665-895e27e94515,SEASPAN BRAVO,477271900,9685322.0,VRNJ2,CONTAINER,337.0,48.0,244.0,93.0,31.0,17.0,113042.0
6bbb46ff-03d1-3f8a-ab9d-2051e3966a44,SEOUL GLOW,636018529,9357535.0,D5QC7,CONTAINER,175.0,28.0,155.0,20.0,14.0,14.0,18123.0
6bc84c31-d6ca-335f-96a0-14dc791624ae,PANCON HARMONY,441271000,9884904.0,D7UY,CONTAINER,141.0,24.0,112.0,29.0,18.0,6.0,9946.0
6cba983e-e7aa-36a9-8977-3b21d779f80f,AEOLUS,636020878,9088524.0,5LBD8,CONTAINER,178.0,27.0,162.0,16.0,10.0,17.0,18166.0
6d38558c-911e-36f4-bcb8-c320b2b648b6,WAN HAI 523,563131800,9400198.0,9V7188,CONTAINER,269.0,33.0,213.0,56.0,24.0,9.0,42609.0
6d534af7-ac99-3e20-8a23-44191d7ec1f5,ZHONG GU BEI HAI,413223320,9842358.0,BODO3,CONTAINER,171.0,27.0,132.0,39.0,7.0,20.0,18490.0
6d7a92da-c751-3f8e-a30a-6b62cd443044,EASLINE DALIAN,371002000,9167473.0,HPXQ,CONTAINER,193.0,28.0,151.0,42.0,21.0,7.0,18502.0
6dbc5a3a-77fe-3d96-b0a1-ac31419b9a4c,EVER OWN,352980861,9913860.0,3E3577,CONTAINER,195.0,32.0,150.0,45.0,4.0,28.0,27025.0
6e5db620-0ad0-3620-99d6-d05e5475ac53,MAERSK EVORA,219155000,9458080.0,OXVS2,CONTAINER,366.0,48.0,142.0,224.0,34.0,14.0,141716.0
6f1569dd-1bef-39d0-8a2b-251e83720bc2,NICOLAI MAERSK,477642900,9192454.0,VRTT8,CONTAINER,198.0,30.0,150.0,48.0,15.0,15.0,27733.0
6febee51-807d-3d47-9aeb-c4cb8c8a49ca,XIN NAN SHA,413147000,9310056.0,BPBT,CONTAINER,263.0,32.0,195.0,68.0,16.0,16.0,41482.0
7021f725-de58-334f-a0d8-f2b5debf8fac,KMTC QINGDAO,441702000,9235593.0,DSQT9,CONTAINER,222.0,30.0,177.0,45.0,15.0,15.0,27799.0
7043c13c-3ee4-3487-994f-fd8063f0e4e7,EVER LEGEND,566949000,9604093.0,9V9724,CONTAINER,335.0,46.0,232.0,103.0,15.0,31.0,98882.0
705a58c0-0f3a-35ad-b40f-6b1916c67900,HMM PROMISE,440112000,9742168.0,D7EV,CONTAINER,330.0,48.0,112.0,218.0,19.0,29.0,114023.0
7060bc39-51de-3dd5-a994-165411e8c511,SASCO ANGARA,273390170,9242986.0,UBUO6,CONTAINER,132.0,19.0,117.0,15.0,11.0,8.0,6420.0
70680d77-10a6-3733-9507-aabea7e6081f,WAN HAI 352,563170600,9553995.0,9V7380,CONTAINER,204.0,35.0,142.0,62.0,20.0,15.0,30519.0
70860ebf-1eab-3816-8250-fc0aa5780e1b,HEUNG-A SARAH,353059000,9698379.0,3ELR4,CONTAINER,141.0,23.0,118.0,23.0,14.0,9.0,9551.0
710479db-cd0d-3913-a31a-7302bae90352,SITC MACAO,477849500,9712785.0,VROF9,CONTAINER,172.0,28.0,131.0,41.0,18.0,10.0,17119.0
7114223c-0ec0-39f7-9d64-c1b121f0ed23,MSC ANTONIA,636018660,9398216.0,D5QT7,CONTAINER,304.0,40.0,226.0,78.0,15.0,25.0,75582.0
71174b49-0055-3789-95d9-7491e7064d16,FORTUNE TRADER,441733000,9084035.0,DSQW5,CONTAINER,182.0,28.0,137.0,45.0,10.0,18.0,16708.0
719ea6df-410b-3165-aedb-aff064de18b3,MSC EMMA,636018571,9463047.0,D5QH6,CONTAINER,366.0,48.0,150.0,216.0,29.0,19.0,141649.0
72258c5c-655b-35a1-897c-e83b93542b5d,EVER USEFUL,357874000,9168879.0,3FCC9,CONTAINER,285.0,40.0,210.0,75.0,10.0,30.0,69246.0
7299c98d-c23a-3aaa-8812-62795b413425,RUN SHENG,355674000,9179464.0,H9YK,CONTAINER,137.0,22.0,124.0,13.0,12.0,10.0,9030.0
72b6928a-4d56-33d1-bf95-fd3775447c49,HYUNDAI BANGKOK,441343000,9323510.0,D7HB,CONTAINER,303.0,40.0,225.0,78.0,15.0,25.0,75308.0
72d2b88b-556d-33a2-8eab-6e43ac8fb046,MARGARETRIVERBRIDGE,371714000,9550383.0,3EYL7,CONTAINER,172.0,28.0,132.0,40.0,18.0,10.0,17211.0
733b61b0-8bc3-3727-a263-77e0b5c897ff,CMA CGM NABUCCO,209920000,9299630.0,5BLX5,CONTAINER,334.0,43.0,242.0,92.0,14.0,29.0,91410.0
7340a5e3-d07c-3548-a592-e18c1752dc25,HEUNG-A HAIPHONG,538005896,9693939.0,V7HY3,CONTAINER,141.0,25.0,113.0,28.0,18.0,7.0,9998.0
7489e60a-7a4c-35fc-b57a-9c07f76fa1d2,SUNNY CLOVER,374431000,9748394.0,H3SY,CONTAINER,137.0,25.0,120.0,17.0,7.0,18.0,9865.0
74d57500-55ae-3830-ab81-3466b4034015,VANIA,511100839,9014119.0,T8A4050,CONTAINER,139.0,22.0,117.0,22.0,16.0,6.0,8570.0
74dc879d-5641-3a73-9cf5-d5516827b8ed,SHANGHAI VOYAGER,352001086,9536973.0,3E2450,CONTAINER,199.0,32.0,150.0,49.0,11.0,21.0,27061.0
75020a7a-3bde-3b1e-a14c-ad117749fd27,MAERSK TAIKUNG,477178200,9334662.0,VROX2,CONTAINER,332.0,43.0,257.0,75.0,30.0,13.0,94193.0
7517912f-e736-3a36-ad4b-7e69453cd5ac,HUI FA,352978152,9714939.0,3E2388,CONTAINER,180.0,32.0,149.0,31.0,22.0,10.0,28364.0
7530ebcb-d2cb-3e2c-9ab5-d0ed295b5c67,EVER BEAMY,416034000,9787003.0,BKLK,CONTAINER,212.0,33.0,167.0,45.0,24.0,9.0,33266.0
75c30369-3fd4-3fd5-a781-3e78dbbb1c5a,HMM COPENHAGEN,356712000,9863302.0,3EIO3,CONTAINER,400.0,61.0,132.0,268.0,20.0,41.0,228283.0
75fdd1d3-d730-3fa7-9aad-b68c6af55ba1,MAERSK LANCO,477182700,9527049.0,VRLI7,CONTAINER,300.0,45.0,227.0,73.0,27.0,18.0,90107.0
766409b5-5494-3796-ab05-2526776d8dbd,SAWASDEE VEGA,538010219,9943786.0,V7A5766,CONTAINER,170.0,22.0,140.0,30.0,10.0,12.0,18072.0
76970e9d-77bf-37fb-a8eb-b078eca40e99,MSC ORION,255806339,9857157.0,CQEB8,CONTAINER,366.0,51.0,112.0,254.0,35.0,16.0,149525.0
76e425c9-be4d-3a7d-a68b-e775490b292d,CMA CGM GEORGIA,215240000,9351127.0,9HA5027,CONTAINER,294.0,32.0,220.0,74.0,24.0,8.0,54309.0
76f31e7d-3d17-385d-a459-21b8817148e8,VIVALDI,636019606,9429326.0,D5VG9,CONTAINER,209.0,30.0,199.0,10.0,24.0,6.0,26435.0
774d648f-1887-3f01-9601-8c6d1a8ba282,SITC YUNCHENG,477745800,9926104.0,VRUL4,CONTAINER,189.0,32.0,146.0,43.0,20.0,12.0,26771.0
7752d990-0350-31c7-a412-54d27ada537a,SM TIANJIN,440111000,9464704.0,D7DG,CONTAINER,260.0,32.0,192.0,68.0,20.0,12.0,42110.0
77879cf3-ac52-3101-a1b1-ea8299c630c4,SITC BUSAN,477250600,9610559.0,VRLQ7,CONTAINER,144.0,22.0,116.0,28.0,17.0,5.0,9977.0
77ff9313-e234-3986-a0de-af4d6075a246,KMTC HAIPHONG,538007503,9793806.0,V7KD4,CONTAINER,172.0,28.0,130.0,42.0,8.0,20.0,18370.0
79233599-f5d0-3c1d-bb8c-9b9d91e8a8ca,MSC JEWEL,636019207,9842073.0,D5TL4,CONTAINER,366.0,48.0,113.0,253.0,14.0,34.0,140976.0
79529942-e8e0-348e-bcf0-36eda2c30615,EMMANUEL P,538010029,9290127.0,V7A5488,CONTAINER,260.0,32.0,192.0,68.0,18.0,14.0,39941.0
79801466-edbb-3210-9372-bafefa2c211e,KMTC SHANGHAI,441902000,9274202.0,DSRL4,CONTAINER,187.0,28.0,146.0,41.0,11.0,17.0,20815.0
7a29656b-26f8-3c8d-a1c2-75095bf4a0d3,CMA CGM MOLIERE,249917000,9401099.0,9HA2072,CONTAINER,300.0,40.0,225.0,75.0,16.0,24.0,72884.0
7a9393a1-4b0f-3953-9769-d0698f67316a,KMTC ULSAN,441788000,9131864.0,DSRD9,CONTAINER,167.0,27.0,131.0,36.0,10.0,17.0,16717.0
7be68153-d1f7-35cd-97d5-5c7e9c636c95,HYUNDAI INTEGRAL,441736000,9347592.0,D7HI,CONTAINER,295.0,32.0,220.0,75.0,26.0,6.0,52581.0
7c3e1c14-fede-3107-9524-cd16a889ffc1,PEGASUS UNIX,441030000,9365166.0,DSPI3,CONTAINER,143.0,23.0,113.0,30.0,18.0,5.0,9522.0
7cb26e61-9cf2-365e-b5ac-412a26cdd270,MAERSK NORESUND,352254000,9894686.0,3FCY9,CONTAINER,172.0,33.0,126.0,46.0,9.0,24.0,24900.0
7d66f7fc-62f1-3cc6-b3c6-ae760ac99f99,KMTC COLOMBO,441293000,9347437.0,D7VN,CONTAINER,304.0,40.0,228.0,76.0,23.0,17.0,74962.0
7efb106e-0591-3512-9cac-46ca0aa5dc82,HYUNDAI JAKARTA,441398000,9323522.0,D7HJ,CONTAINER,304.0,40.0,226.0,78.0,16.0,24.0,74651.0
7f165318-f67c-369b-8594-2f439867e146,ZIM THAILAND,567609000,9936513.0,HSB8290,CONTAINER,333.0,48.0,130.0,203.0,28.0,20.0,118523.0
7f57be65-1b9d-3f3c-a7b0-4773fb88fb58,SHECAN,441388000,9383534.0,D7WF,CONTAINER,145.0,23.0,117.0,28.0,6.0,17.0,9858.0
800f82f7-1e5b-3c4d-890d-3a15feb0f3d5,SUNNY DAISY,351453000,9689653.0,3FQS3,CONTAINER,137.0,25.0,123.0,14.0,19.0,6.0,9867.0
80913611-182c-3eac-9644-24eb3f1a2dfb,SUNNY LINDEN,441300000,9115779.0,DSNC9,CONTAINER,107.0,17.0,85.0,22.0,12.0,5.0,3996.0
81745190-7a27-3626-b351-56893c812cae,EVER LIBERAL,235102678,9604160.0,2HDG2,CONTAINER,335.0,46.0,233.0,102.0,15.0,31.0,98882.0
8189a26e-6a8a-3ac4-bf10-2e6f52f4b8c9,MAERSK LIMA,219526000,9526875.0,OZJM2,CONTAINER,300.0,45.0,225.0,75.0,26.0,19.0,88237.0
82193bac-b488-3397-8c30-683aacef721c,EASLINE OSAKA,356893000,9205665.0,3FAU9,CONTAINER,194.0,28.0,152.0,42.0,17.0,11.0,18502.0
824a60f9-5678-32f2-8849-f8d86eb9cd82,HAMMONIA BEROLINA,636091255,9336177.0,A8LE3,CONTAINER,209.0,30.0,189.0,20.0,14.0,16.0,26435.0
828015af-b98d-38e5-88b3-b415db600e74,SAWASDEE SHANGHAI,538010008,9940760.0,V7A5455,CONTAINER,172.0,27.0,131.0,41.0,6.0,21.0,17000.0
82af6704-ffd3-3500-a5de-94c41d0935fa,KMTC JEBEL ALI,440764000,9375305.0,D7SH,CONTAINER,261.0,32.0,193.0,68.0,10.0,22.0,40487.0
82cd1662-c1cd-3bbb-af9b-d64a34ec008d,SITC HEBEI,477301900,9712371.0,VROF4,CONTAINER,172.0,27.0,130.0,42.0,19.0,8.0,17119.0
83272a86-5f20-35c9-b5e8-5d015468055b,SITC MINGDE,477836500,9927108.0,VRUS4,CONTAINER,172.0,28.0,136.0,36.0,22.0,6.0,18820.0
833f3871-2278-32b0-91d1-07da8a0afac2,APL OREGON,248711000,9532783.0,9HA4772,CONTAINER,293.0,40.0,221.0,72.0,10.0,30.0,71787.0
8358a5e6-0d2b-33f0-86f8-4a2f557a9c4b,AKA BHUM,563135800,9307011.0,9V7282,CONTAINER,280.0,40.0,206.0,74.0,27.0,13.0,66462.0
836e74be-2d46-3919-923c-1b272570f43f,HEUNG-A TOKYO,440335000,9129005.0,D7PE,CONTAINER,112.0,18.0,92.0,20.0,13.0,5.0,4914.0
83808143-fe93-337b-8c6d-5d19ba782f0c,YM MILESTONE,636015182,9484998.0,A8ZC9,CONTAINER,305.0,40.0,213.0,92.0,16.0,24.0,76787.0
83bc0987-42e6-3621-b1ce-8d6eafb075b2,ESSEN EXPRESS,218474000,9501370.0,DCQP2,CONTAINER,366.0,48.0,141.0,225.0,29.0,19.0,142295.0
84a1f4dc-cf09-32ee-950d-5e0325996820,YM TROPHY,563155200,9789996.0,9V6598,CONTAINER,333.0,48.0,130.0,203.0,28.0,20.0,118524.0
850f6714-cf74-340c-af81-6d01a33d9bcf,WARNOW CHIEF,209138000,9449857.0,5BVL2,CONTAINER,180.0,25.0,160.0,20.0,5.0,20.0,17068.0
851ef5c2-c4b9-3fe0-ae70-4b68db6c36b2,SINOKOR TIANJIN,441876000,9160891.0,D7DU,CONTAINER,135.0,22.0,120.0,15.0,11.0,11.0,9038.0
853f8ec6-f1a3-3f31-96ba-0a7e9b829204,ORTOLAN EPSILON,255806120,9362566.0,CQAA6,CONTAINER,148.0,21.0,115.0,33.0,4.0,17.0,9272.0
85a274d9-fbd0-3fc0-b411-68ee602e7d31,BASLE EXPRESS,211549000,9501344.0,DFGN2,CONTAINER,366.0,48.0,141.0,225.0,29.0,19.0,142295.0
85af3629-86a4-3a16-bc7d-e7d32b95ca77,HYUNDAI PRIVILEGE,636016003,9625554.0,D5DY5,CONTAINER,255.0,38.0,199.0,56.0,10.0,28.0,52467.0
861c59e8-94dc-3685-a6f3-f82c114b34fc,GFS GISELLE,566456000,9704661.0,9V2812,CONTAINER,240.0,37.0,182.0,58.0,9.0,28.0,44887.0
8621886c-e51a-3550-8534-cff9a139d5b3,SKY SUNSHINE,636019057,9854492.0,D5ST2,CONTAINER,172.0,27.0,130.0,42.0,7.0,20.0,17853.0
86e814e3-6584-32f4-8d98-f3d3c423030b,MAERSK STOCKHOLM,477770200,9352042.0,VRGW3,CONTAINER,334.0,43.0,242.0,92.0,14.0,29.0,92293.0
86f11ad2-05d0-37b6-a99a-a6d4009c5c16,POS HOCHIMINH,353201000,9859650.0,3FKA6,CONTAINER,172.0,27.0,132.0,40.0,21.0,6.0,18085.0
8739b572-fd0d-3afe-8f6d-8605a6ced764,SKY VICTORIA,440280000,9385245.0,D8DJ,CONTAINER,145.0,23.0,135.0,10.0,13.0,10.0,9592.0
875e742f-75eb-32fb-a84a-4ac37110cfbd,APL CAIRO,563266000,9234109.0,S6HU3,CONTAINER,207.0,28.0,190.0,17.0,14.0,14.0,25305.0
87a2ac61-40f6-3dc3-8e57-20578be1b030,SITC SHIMIZU,477335600,9639658.0,VRLG2,CONTAINER,143.0,23.0,134.0,9.0,19.0,4.0,9744.0
881a2faa-0b9a-3d08-a3e5-2e29e9cf3dcd,STAR CLIPPER,538007547,9448437.0,V7UG4,CONTAINER,142.0,22.0,119.0,23.0,11.0,11.0,9520.0
888aa5ab-b92b-3d80-bf50-7b933e6e62e0,SEABREEZE,636021108,9472579.0,5LCI2,CONTAINER,199.0,32.0,150.0,49.0,11.0,21.0,27104.0
88e1df4b-5a55-3b2b-b3cc-30260564a95d,SEASPAN BENEFACTOR,477307900,9739666.0,VRPJ6,CONTAINER,337.0,48.0,244.0,93.0,31.0,17.0,113042.0
88fdf2f3-8bba-370c-8084-05bc090138b2,MSC DAMLA,353499000,9250983.0,HOCR,CONTAINER,294.0,40.0,231.0,63.0,26.0,14.0,74071.0
89011ee4-365a-38e4-9bbf-06ac749f853b,HECAN,441387000,9383546.0,D7WG,CONTAINER,145.0,22.0,118.0,27.0,4.0,18.0,9858.0
898326a6-cb9e-3c55-a183-54afa5ae7f41,KMTC NAGOYA,374782000,9859894.0,HO3256,CONTAINER,172.0,27.0,131.0,41.0,21.0,6.0,17933.0
8995fc82-9bcf-387d-aa1b-d72e7eea51fc,MALIAKOS,636015131,9464247.0,A8YT7,CONTAINER,262.0,32.0,191.0,71.0,20.0,12.0,41391.0
8a4794d2-f5c2-3933-9649-e1ea17741deb,WAN HAI 306,564768000,9237084.0,S6DT7,CONTAINER,197.0,30.0,147.0,50.0,12.0,18.0,25836.0
8aa2a153-c0a1-3739-bb09-79220ce18b67,XIN PU DONG,413060000,9270440.0,BPAP,CONTAINER,279.0,40.0,187.0,92.0,20.0,20.0,66433.0
8b1a001c-7f92-3a3e-9fc3-8ae1ca18ceb9,KMTC TOKYO,352374000,9848871.0,H8SF,CONTAINER,172.0,27.0,130.0,42.0,7.0,20.0,17853.0
8b71a8cb-d381-3ece-8118-d382d4e34b98,CHASTINE MAERSK,563084400,9219800.0,9V6205,CONTAINER,347.0,42.0,244.0,103.0,20.0,22.0,91560.0
8bb55c56-d628-3720-9506-a49d985085e4,HMM ST PETERSBURG,351404000,9868364.0,HPXU,CONTAINER,400.0,62.0,128.0,272.0,27.0,35.0,232311.0
8bf43ed9-1d11-3260-ba1c-645345a8cb08,CMA CGM CONCORDE,228401800,9839208.0,FMOF,CONTAINER,400.0,62.0,116.0,284.0,38.0,24.0,236583.0
8bf7759f-7177-34f3-a0d6-ed6028750c90,COSCO DURBAN,477947600,9484297.0,VRKR5,CONTAINER,261.0,32.0,200.0,61.0,12.0,20.0,40447.0
8bf78764-74bb-3d68-aa71-869ff856689f,EVER LAUREL,566673000,9595474.0,9V9287,CONTAINER,335.0,46.0,232.0,103.0,15.0,31.0,98882.0
8bf8d6d8-081e-37b3-954a-25185c345789,A FUKU,352297000,9343687.0,3EFV5,CONTAINER,142.0,23.0,115.0,27.0,18.0,5.0,9610.0
8c2cc271-1f1a-3063-8789-33df75138329,SAWASDEE XIAMEN,538010046,9940772.0,V7A5513,CONTAINER,172.0,27.0,131.0,41.0,6.0,21.0,18051.0
8c7464f7-3fea-3462-9c15-548dfba79133,CMA CGM TUTICORIN,477790500,9630420.0,VRNY5,CONTAINER,336.0,48.0,243.0,93.0,31.0,17.0,112967.0
8cbfc830-5bd6-3304-9355-288cb3bddb1a,WAN HAI 613,563584000,9224520.0,9V3466,CONTAINER,285.0,40.0,206.0,79.0,17.0,23.0,68687.0
8cf121a0-76d3-305c-9fd6-613cd3e240f5,MSC ULSAN III,374946000,9305001.0,3FFN5,CONTAINER,215.0,30.0,201.0,14.0,30.0,0.0,27915.0
8d2dbfb5-3d23-3e10-86cb-0309e36d6115,VICTORY VOYAGER,356578000,9168245.0,3EFO6,CONTAINER,147.0,25.0,132.0,15.0,24.0,1.0,12471.0
8da6de07-0f51-31bf-959b-ddc833b59faf,KHUNA BHUM,567574000,9796286.0,HSB6677,CONTAINER,172.0,27.0,132.0,40.0,22.0,5.0,17956.0
8f8d718e-f76e-3d84-a63b-e03a29f8aee3,CMA CGM CAIMEP,229075000,9431757.0,9HA5437,CONTAINER,261.0,32.0,193.0,68.0,16.0,16.0,40541.0
8f9e782b-cad0-3735-9e4a-8bf2c0335c2f,MAERSK HORSBURGH,563026700,9784269.0,9V5394,CONTAINER,353.0,54.0,115.0,238.0,27.0,27.0,153153.0
8f9f60c1-b444-3a61-8390-02aef3433702,SITC RUNDE,477833900,9918729.0,VRUS3,CONTAINER,172.0,28.0,136.0,36.0,22.0,6.0,18724.0
8fb9e244-d06d-3c71-9cc2-9b52c3ea8ef2,HONGKONG BRIDGE,538005686,9224336.0,V7KF5,CONTAINER,260.0,32.0,192.0,68.0,4.0,28.0,39941.0
8fbccb10-2175-3767-99e6-1fc826613648,CMA CGM CENDRILLON,215127000,9449819.0,9HA4971,CONTAINER,334.0,43.0,259.0,75.0,16.0,27.0,90931.0
8fc40fa9-1335-3ac9-99de-2914e96d0dc6,KMTC MUNDRA,441266000,9347449.0,D7UW,CONTAINER,304.0,40.0,228.0,76.0,23.0,17.0,74962.0
90112293-7c35-3218-b3d2-e6ba10c83a01,YM ORCHID,636018263,9198276.0,D5OX6,CONTAINER,275.0,40.0,183.0,92.0,15.0,25.0,64254.0
90717743-04c8-3f96-baf9-fb8c0e36a370,HANSA DUBURG,248819000,9535096.0,9HA4822,CONTAINER,175.0,27.0,156.0,19.0,6.0,21.0,18296.0
908cbd12-ce25-39cf-a4eb-d5e8128ca45e,EVER ORIGIN,636021595,9919486.0,5LES7,CONTAINER,195.0,33.0,150.0,45.0,10.0,23.0,27025.0
91874b1e-eb63-3551-ae6a-e021b4fc9aa8,MSC PAOLA,636018318,9161297.0,D5PE6,CONTAINER,243.0,32.0,182.0,61.0,24.0,8.0,37579.0
918b53fd-99a7-3241-8cd6-82627c821497,PADIAN 3,370109000,9162435.0,3FQZ7,CONTAINER,162.0,26.0,132.0,30.0,17.0,9.0,13199.0
91901ee5-688e-3f15-91a7-644d58323a65,HYUNDAI COURAGE,538007479,9347542.0,V7PP4,CONTAINER,340.0,46.0,242.0,98.0,27.0,19.0,94511.0
91cc3027-c569-3944-906c-2c574cda6752,MSC NISHA V,636021913,9326768.0,5LGH6,CONTAINER,265.0,32.0,232.0,33.0,25.0,7.0,41896.0
921b3b47-4621-33a0-ba9f-2334362a4c5b,HANSA HOMBURG,636018768,9436082.0,D5RH5,CONTAINER,175.0,27.0,156.0,19.0,8.0,19.0,18252.0
926c18ea-30d2-392f-b884-2c9ae4e947ea,SITC SHANGHAI,477078600,9712773.0,VROF8,CONTAINER,172.0,28.0,130.0,42.0,20.0,8.0,17119.0
927359ef-253e-365a-b145-f403040c0a9d,BUXLINK,636091785,9235816.0,A8SW3,CONTAINER,208.0,30.0,21.0,187.0,15.0,15.0,25375.0
927e80e4-373a-3aca-bd4b-e8b25b93fcd3,CMA CGM PERTH,229753000,9477787.0,9HA5584,CONTAINER,260.0,32.0,210.0,50.0,7.0,25.0,40542.0
92bb4a16-7a55-359f-99a5-1f7c00d50143,VASI MOON,211828850,9216729.0,DGCV,CONTAINER,168.0,27.0,134.0,34.0,13.0,14.0,16850.0
92dc97f6-a1dd-3752-bd93-09db32c2b45c,KMTC PUSAN,441174000,9131852.0,DSFT8,CONTAINER,168.0,27.0,133.0,35.0,10.0,17.0,16736.0
930a7ce9-2bfd-3f91-9758-10bad75e8824,PACIFIC GENEVA,563157300,9246542.0,9V7921,CONTAINER,134.0,22.0,122.0,12.0,18.0,4.0,9962.0
93adca1f-7482-33a6-b353-88ef0ed3d811,ONE MANCHESTER,563131500,9706748.0,9V7112,CONTAINER,366.0,52.0,142.0,224.0,20.0,32.0,150709.0
93e7aaa5-9b68-34e0-b898-79742bce9de1,LISBOA,477154100,9389291.0,VRRO7,CONTAINER,130.0,21.0,110.0,20.0,12.0,9.0,7545.0
94830286-1327-37af-a7b0-2f2bea03ae9d,WAN HAI 308,563160800,9536985.0,9V8080,CONTAINER,199.0,32.0,150.0,49.0,11.0,21.0,27061.0
94887ff0-85cf-380a-a2dd-be03e3669d03,SITC QINGDAO,477190600,9610547.0,VRLI4,CONTAINER,144.0,23.0,116.0,28.0,17.0,6.0,9977.0
94aa0d03-c087-3233-9025-950d36469ff4,CMA CGM FIGARO,229736000,9450600.0,9HA5577,CONTAINER,334.0,43.0,260.0,74.0,13.0,30.0,89787.0
94e56cf4-798f-3c76-8186-dd5d4b0dc0de,SAN FRANCISCA,538005735,9698654.0,V7GO6,CONTAINER,300.0,48.0,226.0,74.0,32.0,16.0,96386.0
94eb127a-63bd-3c7b-bc30-0f265f146e79,ASIAN ACE,636019698,9309150.0,D5VS5,CONTAINER,175.0,27.0,159.0,16.0,12.0,15.0,18327.0
955f4893-d8b4-3b87-b8e8-7ad96400dc40,MATSON NIIHAU,538007938,9294159.0,V7BP8,CONTAINER,222.0,30.0,175.0,47.0,12.0,18.0,28592.0
9570c33b-2686-33e8-9247-ca7bf7104b72,YONG YUE 11,352002215,8741026.0,3E3490,CONTAINER,133.0,19.0,113.0,20.0,11.0,8.0,7221.0
9628fa99-1ab5-39ab-b133-dfd469cf46e4,ZHUCHENGXINZHOU,413556780,9252993.0,BTSJ,CONTAINER,208.0,30.0,192.0,16.0,25.0,5.0,25703.0
96872dd1-15c3-3dd8-a677-739129732f65,WAN HAI 176,563145300,9733832.0,9V7683,CONTAINER,172.0,27.0,154.0,18.0,21.0,6.0,17907.0
96abdd3b-dea6-38f3-b3d7-aea301c134f9,PROVIDENT,352001639,9186431.0,3E3693,CONTAINER,121.0,20.0,114.0,7.0,5.0,15.0,6154.0
96dbd976-6175-3ea0-bc78-3e75becae4ab,MANZANILLO EXPRESS,538009760,9520039.0,V7A5131,CONTAINER,335.0,51.0,130.0,205.0,33.0,18.0,123560.0
96e381df-74e9-3700-a4b3-15856f6a3802,SUNNY CANNA,352058000,9826550.0,3FLX7,CONTAINER,137.0,25.0,122.0,15.0,18.0,7.0,9870.0
97150fc1-f654-3ca5-93d8-d479a71cdbb0,MSC HAMBURG,374886000,9647461.0,3FYY8,CONTAINER,399.0,54.0,163.0,236.0,19.0,35.0,176490.0
9726b7c4-1c96-302a-b023-96f17d0ab765,KMTC CHENNAI,440838000,9375513.0,D7KC,CONTAINER,261.0,32.0,193.0,68.0,10.0,22.0,40487.0
9729c0f7-30ea-3608-8124-262b853392bb,APL QINGDAO,215558000,9461893.0,9HA5178,CONTAINER,354.0,46.0,268.0,86.0,32.0,14.0,113735.0
97d2243a-5a24-3f67-99b0-0a4ef0c6e1db,MARCOS V,371519000,9307059.0,3ECH9,CONTAINER,293.0,40.0,219.0,74.0,26.0,14.0,71892.0
98056905-0d2d-3953-9bfc-2a293dcea5da,YM IMMENSE,416492000,9319131.0,BLHP,CONTAINER,172.0,27.0,128.0,44.0,6.0,21.0,16488.0
9807b758-98ad-3556-9b37-783d79fb12bc,MAERSK EDINBURGH,219033000,9456757.0,OXLT2,CONTAINER,366.0,48.0,141.0,225.0,34.0,14.0,141716.0
9834cccc-5e2a-3524-82fd-174011e3fb0d,CMA CGM ZEPHYR,229321000,9882487.0,9HA5465,CONTAINER,366.0,51.0,129.0,237.0,19.0,32.0,147790.0
9835fffc-913f-3690-a5c6-c5c3955d288c,CMA CGM NEW JERSEY,215183000,9351141.0,9HA4998,CONTAINER,294.0,32.0,224.0,70.0,9.0,23.0,54309.0
98936ec1-2519-3494-a7c4-c589ce5cd546,HF WEALTH,477615200,9356799.0,VRTL4,CONTAINER,143.0,23.0,120.0,23.0,12.0,11.0,9610.0
9927c714-259b-310f-8c55-d41966a1cb3e,GUDRUN MAERSK,220379000,9302877.0,OYAU2,CONTAINER,367.0,42.0,264.0,103.0,21.0,21.0,97933.0
997c9f57-3f1a-38bc-a12f-7d487e2dcbed,EVER OMNI,636022523,9919498.0,5LJF4,CONTAINER,195.0,33.0,150.0,45.0,10.0,23.0,27025.0
998d457d-76a0-39da-b4ed-154f21c33510,COSCO DENMARK,477698600,9516478.0,VRNP8,CONTAINER,366.0,52.0,142.0,224.0,24.0,28.0,153666.0
99db3885-56bf-30ef-a349-4ffc3cb828ad,DONGJIN HIGHNESS,440901000,9385441.0,D7RN,CONTAINER,132.0,19.0,117.0,15.0,10.0,9.0,7170.0
9afc8ab5-d802-388a-a7b9-82959b210328,STAR CHASER,538009693,9915818.0,V7A5051,CONTAINER,147.0,24.0,120.0,27.0,18.0,6.0,9946.0
9b1803c1-5b68-350c-abea-affd1a13c6ee,MAERSK ALFIRK,565747000,9342516.0,9VBN2,CONTAINER,337.0,45.0,246.0,91.0,17.0,28.0,108393.0
9c144049-6262-3c78-8506-a6c348b9fb38,SITC TAICANG,477302300,9836115.0,VRSC5,CONTAINER,141.0,25.0,119.0,22.0,18.0,7.0,9967.0
9c1b4a0d-4649-3b2d-90a8-e9b7bc267bba,MSC CLARA,374766000,9708693.0,3FZW9,CONTAINER,396.0,59.0,145.0,251.0,36.0,23.0,192237.0
9ccb2678-bbe7-365d-81fe-a247f37c5a7f,CSL SOPHIE,210092000,9293466.0,5BPZ5,CONTAINER,294.0,32.0,217.0,77.0,21.0,11.0,54519.0
9cee9f36-7978-3e1e-b6a1-cc7244336db4,MSC VIRGO,255806340,9857171.0,CQEB9,CONTAINER,366.0,51.0,110.0,256.0,13.0,38.0,149525.0
9dac1674-77db-3e0c-a4d4-ff3bb2c58a58,CMA CGM PELLEAS,218846000,9365788.0,DFPH2,CONTAINER,348.0,42.0,258.0,90.0,24.0,18.0,111249.0
9e5ff808-986c-3318-8b72-a76463fa1726,KMTC MUMBAI,441225000,9665695.0,D7UF,CONTAINER,255.0,37.0,197.0,58.0,9.0,28.0,51872.0
9e8069f6-8170-304e-aeda-20b0f5ea10a8,CAPE FELTON,538003181,9379375.0,V7OX5,CONTAINER,170.0,25.0,158.0,12.0,20.0,5.0,15995.0
9ed0f958-f12e-3fba-b9d3-8850376b40bd,MARVEL,311655000,9296456.0,C6TI4,CONTAINER,115.0,18.0,105.0,10.0,12.0,6.0,5403.0
9ee9176a-704f-3855-8afe-9705d5b6095f,STRAIT MAS,525119161,9252369.0,YDBO2,CONTAINER,226.0,32.0,168.0,58.0,21.0,11.0,28676.0
9f3f9091-6483-3583-a868-53cb82ec0f46,MADRID EXPRESS,477624100,9447847.0,VRTN4,CONTAINER,366.0,48.0,145.0,221.0,29.0,19.0,140259.0
9f5ca770-145e-3624-b36f-588c47ae71c8,KOTA GAYA,563152500,9616802.0,9V7466,CONTAINER,223.0,30.0,176.0,47.0,7.0,23.0,29015.0
9f7e55fd-35e5-3454-b554-4f5008dad3c7,CHARLOTTE SCHULTE,563491000,9665657.0,9V9804,CONTAINER,255.0,37.0,197.0,58.0,9.0,28.0,51872.0
9f88d78e-7fe7-3334-a2a1-bfb17b89e308,CAPE ARTEMISIO,248140000,9777175.0,9HA4529,CONTAINER,330.0,48.0,111.0,219.0,13.0,35.0,112836.0
9fa11d5c-9c0e-30d6-9714-6607fd5e9e17,MSC ALIYA,636019215,9842097.0,D5TM4,CONTAINER,366.0,48.0,113.0,253.0,14.0,34.0,140976.0
9faa6003-17ab-3412-896e-04eb09f6c434,SUNNY CALLA,477193400,9698381.0,VRNX4,CONTAINER,141.0,23.0,118.0,23.0,14.0,9.0,9551.0
9fe56f37-9871-3549-8c94-9ddc917100f6,SUNNY IVY,477681800,9903463.0,VRTX9,CONTAINER,142.0,23.0,118.0,24.0,9.0,14.0,9538.0
a00fbb08-c713-329e-97d8-e41d77995f17,JEBEL ALI,229007000,9525936.0,9HA2984,CONTAINER,366.0,48.0,147.0,219.0,10.0,38.0,141077.0
a083fee7-795f-3ba3-805f-03282b147e16,SHIJING,636021320,9348663.0,5LDJ7,CONTAINER,294.0,32.0,222.0,72.0,17.0,15.0,54675.0
a12e92b3-6089-33df-84cd-b034b7044f8c,C C JACQUES JOSEPH,248473000,9729104.0,9HA4667,CONTAINER,300.0,49.0,115.0,185.0,32.0,17.0,95256.0
a16d0fd1-61f7-3c9f-8ee9-035017972cc4,MONACO MAERSK,219863000,9778832.0,OWNL2,CONTAINER,399.0,58.0,116.0,283.0,29.0,29.0,214286.0
a1920b5d-37fd-3bca-a2c8-6c62311cb67f,YM WELLHEAD,477454100,9684665.0,VROH8,CONTAINER,368.0,51.0,140.0,228.0,30.0,21.0,144651.0
a1dcd185-f798-36ca-a3b2-3d090e18fd84,MCC ANDALAS,525100468,9499022.0,YBTH2,CONTAINER,148.0,23.0,136.0,12.0,17.0,6.0,9954.0
a239555a-59ac-32f5-9367-fea8364929ad,ARAYA BHUM,563166600,9306990.0,9V8150,CONTAINER,280.0,40.0,206.0,74.0,28.0,12.0,66462.0
a2d7edad-765e-325a-98c4-241abb5bc4e9,PANCON VICTORY,440375000,9749116.0,D7CC,CONTAINER,148.0,23.0,111.0,37.0,15.0,8.0,9923.0
a31a3098-5594-3dae-bd5b-07138c4867b8,OREA,256558000,9670107.0,9HA3953,CONTAINER,185.0,30.0,168.0,17.0,6.0,24.0,24518.0
a31f18ed-d403-38cf-98e3-db991dfb3e43,ARTOTINA,229646000,9226425.0,9HA3481,CONTAINER,208.0,30.0,205.0,3.0,19.0,11.0,25703.0
a37dd7c4-8bb6-3065-b51d-6ace91540be2,SEAMAX STRATFORD,538007698,9305491.0,V7EP2,CONTAINER,334.0,42.0,245.0,89.0,26.0,16.0,91649.0
a3faf129-146c-3fb6-a2d3-0fff15ff7511,HMM MIR,636020615,9869198.0,D5ZZ8,CONTAINER,366.0,51.0,112.0,254.0,18.0,33.0,152003.0
a429d66d-a244-3fbc-8184-ccbbe6fc3b28,YM TRAVEL,352986159,9878503.0,3E3913,CONTAINER,333.0,48.0,130.0,203.0,28.0,20.0,118523.0
a464a42e-3418-3ae0-9648-70bdd10bd084,MSC AAYA,636021770,9927263.0,5LFP3,CONTAINER,366.0,51.0,110.0,256.0,30.0,21.0,150783.0
a4d6595b-0851-3f9d-84a6-19767185e7e2,VALOR,229458000,9628154.0,9HA3347,CONTAINER,300.0,48.0,224.0,76.0,15.0,33.0,95390.0
a4db65bc-e7f2-3148-bf77-c19792c5f954,CORNELIUS MAERSK,219031427,9198587.0,OUMO2,CONTAINER,347.0,42.0,244.0,103.0,21.0,21.0,92198.0
a57f463e-d486-3879-aafc-91e679dc459b,ONE TRUST,538007378,9769283.0,V7LF7,CONTAINER,400.0,59.0,143.0,257.0,25.0,34.0,210678.0
a5889273-a354-3246-9829-39251acd0f23,OOCL TOKYO,477607700,9310238.0,VRCI9,CONTAINER,323.0,43.0,247.0,76.0,32.0,11.0,89097.0
a5caa906-27a2-3987-b024-e6987169a78f,WAN HAI 501,563382000,9294848.0,S6AS7,CONTAINER,269.0,32.0,207.0,62.0,30.0,2.0,42579.0
a62e3620-2c27-3fd9-8461-709d16f437a0,ZIM SAMMY OFER,477871500,9931094.0,VRUX7,CONTAINER,366.0,51.0,111.0,255.0,21.0,30.0,152204.0
a7143801-0f2c-3d2c-82d0-7dec182a3afb,CAPE FERROL,538003221,9359325.0,V7PF6,CONTAINER,170.0,25.0,155.0,15.0,13.0,12.0,15995.0
a718d3db-9118-352f-b2cb-7a1dd5b38983,ADAMS,636015952,9260914.0,D5DR5,CONTAINER,280.0,40.0,211.0,69.0,17.0,23.0,66462.0
a74820e2-58c1-3ceb-881f-3255efdcc33d,APL CHONGQING,566318000,9461867.0,9V9373,CONTAINER,349.0,45.0,259.0,90.0,31.0,14.0,113735.0
a7829382-f337-3695-b374-177e39d60c6d,EVER FAVOR,636021387,9850850.0,5LDS2,CONTAINER,334.0,48.0,135.0,199.0,29.0,19.0,116295.0
a804036f-9377-3242-a11d-1b76dfa0dcec,SITC PINGHE,477867100,9943592.0,VRVA5,CONTAINER,147.0,24.0,115.0,32.0,17.0,7.0,9950.0
a823d8b7-8cfd-331b-8147-4f7d4f1bccaf,MAERSK ENSHI,355288000,9502946.0,3FIL,CONTAINER,366.0,48.0,142.0,224.0,14.0,34.0,141754.0
a8c2b37e-d10c-3f35-b956-b9156702738d,SM YANTIAN,440189000,9312949.0,D7FS,CONTAINER,304.0,40.0,228.0,76.0,26.0,14.0,75061.0
a8d928d1-5b31-31b0-8bda-be4e5d6d0d19,CMA CGM MISSOURI,636018542,9679919.0,D5QE4,CONTAINER,300.0,48.0,228.0,72.0,18.0,30.0,102931.0
a924d4c6-d873-3a9b-98c4-3bae326f8433,ANDERSON DRAGON,563129600,9470739.0,9V7047,CONTAINER,172.0,28.0,132.0,40.0,14.0,14.0,17211.0
aa4febdb-2bd3-3393-9ccb-1c51df3dc94d,WAN HAI 295,563159700,9871414.0,9V6516,CONTAINER,175.0,29.0,131.0,44.0,3.0,26.0,20847.0
aa581cdd-a43d-38a4-8c8f-da806c30e0af,YM WELLBEING,355563000,9820908.0,HPFB,CONTAINER,366.0,51.0,144.0,222.0,33.0,18.0,151451.0
ab20ab49-43f3-39f2-91ce-c81febfc5847,ONE CONTRIBUTION,636021649,9629914.0,5LEZ8,CONTAINER,316.0,46.0,226.0,90.0,31.0,15.0,87023.0
ab4c4d1c-b14c-3f27-9d94-8f87565635ee,DONGJIN VOYAGER,440716000,9802011.0,D7SB,CONTAINER,172.0,28.0,130.0,42.0,8.0,20.0,18278.0
ab7eb51c-645b-34ca-bedf-5e4351007ddd,KMTC NHAVA SHEVA,440761000,9375501.0,D7SG,CONTAINER,261.0,32.0,193.0,68.0,9.0,23.0,40487.0
ab852994-2c13-398f-bab1-264847ed75db,KUO LONG,477884200,9796509.0,VRQF2,CONTAINER,170.0,28.0,159.0,11.0,15.0,13.0,18826.0
abefb79c-74ee-37f5-87fc-010b968f49fe,SUNNY CAMELLIA,477066600,9698393.0,VRNZ6,CONTAINER,141.0,23.0,118.0,23.0,14.0,9.0,9551.0
ac01ca4c-2c7a-3ff4-8bc8-d3db0648e6a4,NORDMAAS,209695000,9822736.0,5BHU5,CONTAINER,172.0,28.0,155.0,17.0,22.0,6.0,19035.0
ac541502-2897-3af5-b25e-cab9f55341a2,SEASPAN HANNOVER,477302200,9320013.0,VRSM5,CONTAINER,207.0,30.0,190.0,17.0,5.0,25.0,25406.0
acd249cf-6e51-3fe2-9cef-ac513024c5c7,SUNNY LILY,538005519,9691761.0,V7ER5,CONTAINER,145.0,22.0,112.0,33.0,18.0,4.0,9988.0
ad2770af-5741-3900-bd5a-81a894eeb47a,GLOBAL NUBIRA,440505000,9167306.0,DSOB7,CONTAINER,98.0,17.0,82.0,16.0,12.0,5.0,3809.0
ae522e51-9224-3592-b6cb-98ee0d774562,MSC BERYL,357926000,9467392.0,3EXV8,CONTAINER,366.0,48.0,146.0,220.0,32.0,16.0,140096.0
ae7a2f73-c45f-3db8-bfd8-fdf18f752009,ITAJAI EXPRESS,538009762,9520053.0,V7A5133,CONTAINER,335.0,51.0,130.0,205.0,33.0,18.0,123560.0
aeb04d95-6d9e-3e0b-9caf-947fac9880da,GRASMERE MAERSK,565253000,9193276.0,9V3820,CONTAINER,292.0,32.0,223.0,69.0,16.0,16.0,50698.0
af2ff49a-4e82-3b27-af7d-b8ad38ffcd51,STAR VOYAGER,440366000,9754795.0,D7FU,CONTAINER,141.0,25.0,111.0,30.0,18.0,7.0,9955.0
af90f964-a74f-3875-a75b-c06ee10503b4,TAN CANG GLORY,574002930,9334105.0,XVFA9,CONTAINER,133.0,19.0,120.0,13.0,9.0,10.0,6474.0
b162ca32-6823-31d6-b888-ebc04256e6d6,ONE TRUTH,356984000,9773210.0,3FBJ9,CONTAINER,399.0,58.0,142.0,257.0,35.0,23.0,210691.0
b2194217-9caa-3d6f-a782-8cbeb31ed5f6,SITC KWANGYANG,477274900,9610535.0,VRJQ9,CONTAINER,140.0,22.0,115.0,25.0,18.0,4.0,9520.0
b22b81e2-2e43-3ab3-b224-7331ff51f48f,APL BOSTON,566950000,9597496.0,9V9917,CONTAINER,328.0,46.0,234.0,94.0,27.0,19.0,109712.0
b2901479-3d23-3601-8c74-2d7779a1d8e9,MONACO,636090967,9314961.0,A8IF2,CONTAINER,222.0,30.0,175.0,47.0,19.0,11.0,28927.0
b2b63e62-2f0e-319a-b3b6-16a0c6247df7,KOTA LUKIS,477302500,9439747.0,VRSN8,CONTAINER,261.0,32.0,216.0,45.0,0.0,32.0,39906.0
b31b33b6-95b4-34d8-bbd6-85bee88ea716,TZINI,229338000,9625906.0,9HA3246,CONTAINER,170.0,30.0,134.0,36.0,9.0,21.0,20239.0
b35e87a4-d72f-3761-a428-044906e0c658,YM WELCOME,477430100,9708459.0,VRPF8,CONTAINER,368.0,51.0,144.0,224.0,21.0,30.0,145136.0
b368d399-5b5f-3a92-8697-5e3dd3deb354,ORIENTAL BRIGHT,352830000,9412804.0,3EME9,CONTAINER,162.0,26.0,137.0,25.0,17.0,9.0,13596.0
b40a3694-8da2-381a-88cd-6a148732cd11,LUCKY DRAGON,636015121,9117181.0,A8YS5,CONTAINER,174.0,26.0,156.0,18.0,13.0,13.0,17287.0
b45675df-8a12-3304-9513-0476ee62c179,MSC NATASHA XIII,636018385,9463035.0,D5PL3,CONTAINER,366.0,48.0,142.0,224.0,31.0,17.0,141649.0
b48ac2db-1cf7-30c9-8041-8237a2c60efa,MAERSK TAURUS,565762000,9334674.0,9VFV4,CONTAINER,332.0,43.0,258.0,74.0,27.0,16.0,94193.0
b49a04ad-5c6e-3a52-8ed0-75e28f0ea29c,HOCHIMINH VOYAGER,440006000,9532276.0,D7CJ,CONTAINER,199.0,32.0,150.0,49.0,11.0,21.0,27061.0
b4abbc86-647d-3631-8a4c-e575f5cb0eab,CONTSHIP ERA,209459000,9507702.0,5BDC5,CONTAINER,148.0,23.0,137.0,11.0,14.0,9.0,9909.0
b4e9ae5c-0a37-3331-9e0f-f87971792236,ONE TRIUMPH,538007360,9769271.0,V7FQ8,CONTAINER,400.0,59.0,143.0,257.0,25.0,34.0,210678.0
b53ad5cf-490d-3abb-8e5d-69c48bd3d184,TS BANGKOK,538007518,9784233.0,V7AZ4,CONTAINER,172.0,28.0,142.0,30.0,25.0,3.0,17249.0
b6185555-21d8-3266-93ff-54fa9f9d7692,MSC AGATA II,636017548,9057173.0,D5LM5,CONTAINER,179.0,25.0,161.0,18.0,24.0,1.0,16202.0
b6862573-17d5-3c2f-8091-4eb16267e812,CMA CGM MEDEA,228342900,9299800.0,FMFR,CONTAINER,348.0,43.0,259.0,89.0,28.0,15.0,107711.0
b6a421f2-578e-3fba-9edf-bea0e6c49e3c,KMTC BANGKOK,636017724,9772228.0,D5ML2,CONTAINER,172.0,27.0,132.0,40.0,7.0,20.0,18318.0
b6b7bd92-8c6b-3162-9966-f629abce4a70,ONE MATRIX,538003810,9424924.0,V7TI3,CONTAINER,302.0,43.0,213.0,89.0,28.0,15.0,78316.0
b733066e-df8f-3ccd-b6c2-8206df850d5d,MAERSK LAVRAS,477535200,9526928.0,VRJH6,CONTAINER,300.0,45.0,225.0,75.0,28.0,17.0,88236.0
b7910b7e-4eda-3d12-9917-93964cd939b5,SITC HONGKONG,372765000,9331115.0,3EKM7,CONTAINER,145.0,22.0,122.0,23.0,13.0,9.0,9571.0
b7f90ad0-e9a0-3f9a-8d7f-0b4959d896d6,ZIM CANADA,477842500,9945485.0,VRUN7,CONTAINER,330.0,48.0,109.0,221.0,30.0,18.0,114643.0
b83e0cb6-f1f8-3458-9cb5-291fa13ff929,ONE TRADITION,431808000,9769300.0,7KML,CONTAINER,400.0,59.0,143.0,257.0,25.0,34.0,210678.0
b875e4ee-41f2-3923-9c74-87f3e5370305,MILLENNIUM BRIGHT,353290000,9515606.0,3FCN3,CONTAINER,172.0,28.0,132.0,40.0,18.0,10.0,17211.0
b897d347-bc5b-3161-9a2d-14b3b45652ba,CMA CGM NORMA,215879000,9299812.0,9HA5346,CONTAINER,350.0,43.0,258.0,92.0,9.0,34.0,107711.0
b8dc24dd-84e6-34d2-a0d5-d44dfe2638b8,HYUNDAI COLOMBO,441399000,9323508.0,D7HC,CONTAINER,304.0,40.0,225.0,79.0,15.0,25.0,74651.0
b8de27c4-7392-36ce-a419-67371d4340b3,TABEA,255805778,9294812.0,CQDB,CONTAINER,277.0,40.0,187.0,90.0,26.0,14.0,66280.0
b9bc255c-37a0-3533-b5a7-0eba8d0e9f72,HYUNDAI  SPEED,241313000,9475698.0,SVBY3,CONTAINER,366.0,48.0,141.0,225.0,19.0,29.0,140979.0
b9ed75c1-18d5-35e5-b765-ee9d70d13dd9,TS DALIAN,538009749,9348857.0,V7A5115,CONTAINER,222.0,30.0,207.0,15.0,15.0,15.0,28007.0
ba4feaf6-2e64-37f8-ae16-2b349b37ea52,OOCL HAMBURG,477702000,9252008.0,VRZK9,CONTAINER,323.0,43.0,246.0,77.0,30.0,13.0,89097.0
ba6b3d59-a863-36d9-938a-3cee20a09c1c,PORTO KAGIO,636020868,9261451.0,5LBC6,CONTAINER,279.0,40.0,206.0,73.0,10.0,30.0,66332.0
ba6f4194-f5d1-37a2-b91d-d12986f6acfa,HEUNG-A ULSAN,440120000,9128996.0,DSEK9,CONTAINER,113.0,18.0,94.0,19.0,14.0,4.0,4914.0
ba7f84fe-0af9-3851-86b5-6a302f5e6cb0,SUNNY FREESIA,477326200,9856048.0,VRSS8,CONTAINER,142.0,23.0,118.0,24.0,9.0,14.0,9527.0
baad8530-0ff6-362d-8af4-d7ee75292729,GSL SYROS,636020985,9437062.0,5LBR7,CONTAINER,294.0,32.0,133.0,161.0,21.0,11.0,52726.0
babc9cc5-cb9d-3c7d-971a-f3cef9fb1bd3,SITC SHENZHEN,477024900,9639646.0,VRKS7,CONTAINER,143.0,23.0,120.0,23.0,17.0,6.0,9734.0
bae5ad53-4046-3476-866e-8f9e7d3956ae,EVER BEFIT,416036000,9784128.0,BKLN,CONTAINER,211.0,33.0,173.0,38.0,23.0,10.0,32145.0
bb1658db-509c-35ca-b1f4-fcb5defbd0ba,SITC ZHEJIANG,477585400,9691125.0,VRNQ8,CONTAINER,172.0,27.0,130.0,42.0,21.0,6.0,17119.0
bbb05928-2d64-3931-bb34-2d6b907b9977,STAR EXPLORER,538008859,9870977.0,V7A2844,CONTAINER,142.0,24.0,112.0,30.0,17.0,7.0,9949.0
bbc7eef6-93fd-3516-8662-cd7b3bf9cb8e,PANCON CHAMPION,440655000,9802023.0,D7SP,CONTAINER,172.0,27.0,131.0,41.0,9.0,18.0,18283.0
bc6cc8e5-a3ed-36d4-a2a4-729d1076a3de,SITC JIANGSU,477948200,9712383.0,VROF5,CONTAINER,172.0,28.0,130.0,42.0,19.0,9.0,17119.0
bd91d460-4cf1-31db-960d-d692e37a0eaf,CMA CGM TROCADERO,228402900,9839167.0,FMOL,CONTAINER,400.0,62.0,116.0,284.0,38.0,24.0,236583.0
be3952f4-f4be-3a46-b9f1-e2fb50f1169b,EVER FAR,636020371,9850862.0,D5YX3,CONTAINER,333.0,48.0,130.0,203.0,28.0,20.0,116295.0
bed2db3f-a935-34c4-a2d1-b16ec667139a,HONOR OCEAN,352002265,9158745.0,3E3839,CONTAINER,122.0,22.0,92.0,30.0,10.0,12.0,6393.0
bf00fc1d-2bc2-38fe-a448-b8472ff5b4bf,MAERSK SINGAPORE,563000600,9308649.0,9V5242,CONTAINER,335.0,42.0,250.0,85.0,19.0,23.0,93511.0
bf276d3b-735b-346b-b64f-77159cb5ac59,WECAN,441442000,9641156.0,D7XP,CONTAINER,146.0,22.0,117.0,29.0,16.0,6.0,9910.0
bf76561b-efe3-323f-ac52-5d7c3d17aac1,MTT SENARI,533131059,9813876.0,9M2054,CONTAINER,160.0,25.0,110.0,50.0,12.0,13.0,13059.0
c0b151f9-809d-3ac1-be8b-2e72e7c82c48,TAYMA EXPRESS,636021769,9525895.0,5LFP2,CONTAINER,366.0,48.0,146.0,220.0,28.0,20.0,141077.0
c0bb2990-b5ac-3a45-8940-de11fb8a1616,YM TARGET,636019985,9860934.0,D5XC6,CONTAINER,330.0,48.0,109.0,221.0,20.0,28.0,115761.0
c10fd359-fa60-3bf7-b9d9-a2e79d4b8a7e,UMM QARN,211882930,9732333.0,DIKI2,CONTAINER,368.0,51.0,141.0,227.0,16.0,35.0,153148.0
c1259db8-6004-3167-9c40-a7db7425dbc3,MAERSK HANOI,563039700,9784295.0,9V5601,CONTAINER,353.0,54.0,115.0,238.0,27.0,27.0,153153.0
c1beed37-f7da-39ec-a0b6-3f93118fc34e,ONE TRIBUTE,431787000,9769295.0,7KMG,CONTAINER,400.0,59.0,143.0,257.0,25.0,34.0,210678.0
c1d58c90-7cae-3e87-ab41-66ae7602de21,ZHONG GU DIZHONG HAI,413228080,9842360.0,BOEZ2,CONTAINER,171.0,27.0,132.0,39.0,7.0,20.0,18490.0
c1ecd6a6-13b3-333e-a4b3-2222a9cb39f3,MSC PERLE,636017921,9503732.0,D5NI7,CONTAINER,366.0,48.0,141.0,225.0,29.0,19.0,141754.0
c2ac99ce-fe08-3a91-b483-e5168b9e4e48,SM QINGDAO,440022000,9395939.0,D7CL,CONTAINER,259.0,32.0,191.0,68.0,16.0,16.0,40741.0
c30cf8ca-2f08-30e0-840f-38f24f11feb5,SITC LIAONING,477548100,9712369.0,VRNQ9,CONTAINER,172.0,28.0,130.0,42.0,20.0,8.0,17119.0
c3164adf-3972-39fd-86a7-ff7420cfc95f,HONGKONG VOYAGER,440166000,9402500.0,D7BC,CONTAINER,147.0,25.0,130.0,17.0,24.0,1.0,12545.0
c3251238-4b6f-3915-a4b3-204a0a47065e,POS SHANGHAI,440572000,9415985.0,D7PS,CONTAINER,144.0,22.0,134.0,10.0,18.0,4.0,9955.0
c3662709-01de-3365-9de3-478fc8884654,OCEAN DRAGON,373672000,9508770.0,3EXR,GENERAL_CARGO,99.0,18.0,80.0,19.0,4.0,14.0,
c37348a9-acf9-3482-a9eb-83cdc8561b34,LOA PEACE,354021000,9138317.0,3FCD7,CONTAINER,198.0,30.0,180.0,18.0,14.0,16.0,25361.0
c3aa107c-1808-31ab-b285-56b0564b659d,CONSISTENCE,538009208,9865855.0,V7A4450,CONTAINER,146.0,23.0,134.0,12.0,16.0,7.0,9972.0
c4d09810-c35e-3c38-8d37-1d8a34a783f5,YM COOPERATION,636019900,9864588.0,D5WR6,CONTAINER,210.0,33.0,170.0,40.0,5.0,28.0,32720.0
c517c824-ff37-3258-abcf-b806ccef8eeb,MSC BARBADOS,352001367,9289544.0,3E2125,CONTAINER,294.0,32.0,221.0,73.0,16.0,16.0,54626.0
c53488d2-1ee9-312c-b7bd-27ef4f4cbc38,ZIM BALTIMORE,636018471,9395953.0,A8UE8,CONTAINER,259.0,32.0,191.0,68.0,16.0,16.0,40741.0
c5cbb3be-07b5-33f6-be9e-3471bb5f32da,MSC RINI III,636021011,9419644.0,5LBU8,CONTAINER,210.0,30.0,168.0,42.0,10.0,20.0,27051.0
c666bad9-b400-3610-9a97-0f50a1aebb82,IONIKOS,636014200,9397614.0,A8SD6,CONTAINER,258.0,32.0,190.0,68.0,21.0,11.0,40560.0
c6bf0abf-4859-3dc3-9c27-d099a058972f,MAERSK EMERALD,563090400,9502910.0,9V6464,CONTAINER,366.0,48.0,130.0,236.0,29.0,19.0,141754.0
c7ccd672-b7ee-3935-9e60-6dc258d52932,SINOKOR AKITA,440358000,9179440.0,D7DY,CONTAINER,135.0,23.0,123.0,12.0,18.0,5.0,9038.0
c81a4a86-1bfa-3273-9932-87973b990447,REN JIAN 9,414189000,9252230.0,BVKE5,CONTAINER,266.0,32.0,195.0,71.0,17.0,15.0,41834.0
c81eec1b-5bc3-367d-9227-b3b388e2d0bc,MAGNA,311703000,9296468.0,C6TN2,CONTAINER,114.0,19.0,104.0,10.0,18.0,1.0,5403.0
c85b6aa8-befa-316e-b80b-fb5f70c4b7ff,SKY FLOWER,373126000,9595802.0,3EUE6,CONTAINER,146.0,23.0,113.0,33.0,18.0,5.0,9742.0
c89fb934-f493-36d4-a366-5b0586f4d1d8,NAVIOS AMARILLO,538002733,9324849.0,V7LE9,CONTAINER,260.0,32.0,192.0,68.0,15.0,17.0,39906.0
c8c67bf7-bcbe-3f66-a5f4-d1861a63d32a,HYUNDAI GRACE,538007484,9330721.0,V7QC3,CONTAINER,294.0,32.0,218.0,76.0,25.0,7.0,52581.0
c9b8fa5a-c9ef-3f0e-b9c3-c88d04a65cfa,WAN HAI A10 S/T,563187400,9555125.0,9V7410,CONTAINER,335.0,51.0,112.0,223.0,19.0,32.0,122045.0
ca2d9647-bdca-311c-96e2-b22e21a5ed3d,KOTA LESTARI,563265000,9628348.0,9V2116,CONTAINER,266.0,32.0,196.0,70.0,10.0,22.0,41678.0
ca512a8d-51c9-39f7-a7fd-95d6fe5bab71,CMA CGM MISSISSIPPI,636018541,9679907.0,D5QE3,CONTAINER,300.0,48.0,228.0,72.0,18.0,30.0,102931.0
ca9798f6-33fc-3e28-869e-190dbe2ce144,ONE MILLAU,371215000,9706736.0,H9RD,CONTAINER,365.0,50.0,142.0,223.0,30.0,20.0,150709.0
ca9e2798-3a18-3303-9161-83cdd500fc2e,MSC MONTEREY,636092391,9349796.0,D5BL4,CONTAINER,275.0,33.0,75.0,200.0,19.0,14.0,50963.0
cb3672b7-2f96-32e9-97f4-42509cec6eea,VALENCE,229548000,9628180.0,9HA3398,CONTAINER,300.0,48.0,224.0,76.0,15.0,33.0,95390.0
cb41b8d4-2d89-39e3-a668-fd19ce15a6c7,ESL NHAVA SHEVA,255805588,9535199.0,CQHM,CONTAINER,275.0,40.0,197.0,78.0,22.0,18.0,59307.0
cb9f72ac-ad13-380e-a9de-5714c4a1a42b,MSC QINGDAO F,352578000,9221059.0,3FUA2,CONTAINER,170.0,25.0,153.0,17.0,6.0,19.0,15988.0
cca0642a-b45e-3c4f-bd90-5f919d0be20b,KMTC PENANG,373595000,9821093.0,3ECW9,CONTAINER,200.0,35.0,182.0,18.0,23.0,12.0,28517.0
ccd15485-ea5b-3ead-835f-f2cce48c1432,GREEN WAVE,563110300,9867724.0,9V6363,CONTAINER,172.0,27.0,130.0,42.0,21.0,6.0,17954.0
cd04afe9-8ba4-3945-81a0-06812385d0d5,NORDOCELOT,229937000,9673642.0,9HA3733,CONTAINER,170.0,28.0,157.0,13.0,15.0,13.0,18887.0
cd38e6c2-c80d-3e93-9628-7c02a82b5d8c,NORTHERN PRECISION,636091716,9450296.0,A8RX3,CONTAINER,264.0,32.0,208.0,56.0,12.0,20.0,47855.0
ce0d8795-a9ed-3989-baf9-fb570dccd9dd,CHENNAI VOYAGER,352898704,9153410.0,3E3614,CONTAINER,207.0,30.0,190.0,17.0,20.0,10.0,25637.0
ce40c866-2fa1-3e44-b4cf-93306ac0cd5c,SHIMIN,563095500,9326782.0,9V6542,CONTAINER,294.0,32.0,221.0,73.0,18.0,14.0,54809.0
ce68630e-c96c-35ab-a9e2-2a7b97b33023,LEVERKUSEN EXPRESS,218565000,9613006.0,DJDS2,CONTAINER,366.0,48.0,141.0,225.0,29.0,19.0,142295.0
ce992115-2407-3646-9776-d62e86720afa,MSC EXPRESS III,636018729,9374571.0,A8LG7,CONTAINER,215.0,29.0,195.0,20.0,21.0,8.0,28050.0
cecc287c-91df-30f6-b5bc-6946ddf5184e,STARSHIP URSA,538004894,9650078.0,V7ZR2,CONTAINER,172.0,28.0,130.0,42.0,5.0,23.0,20920.0
ced4f95b-5d09-30f3-a1c2-9d7bb9c254cb,MOL SPARKLE,372800000,9472567.0,3EWX3,CONTAINER,199.0,32.0,153.0,46.0,11.0,21.0,27104.0
cf20d065-0503-3434-a759-66176c959995,CMA CGM HERMES,229454000,9882499.0,9HA5498,CONTAINER,366.0,51.0,129.0,237.0,19.0,32.0,154358.0
cf8263b9-d3a1-386e-80c0-e74fb265f6d9,KMTC MANILA,440728000,9375496.0,D7SD,CONTAINER,261.0,32.0,193.0,68.0,10.0,22.0,40487.0
cf9660e0-66cc-3ec2-b810-14e318db3495,SITC KEELUNG,477347900,9712761.0,VROH6,CONTAINER,172.0,28.0,130.0,42.0,19.0,9.0,17119.0
cfc7ae43-d2c9-33c8-81e7-2ab6c78547af,WAN HAI 177,636021813,9555137.0,5LFU7,CONTAINER,172.0,28.0,135.0,37.0,18.0,10.0,18848.0
cfd68490-2143-3ad0-b67f-5ac2354fef58,HYUNDAI FORWARD,538007482,9330707.0,V7PX2,CONTAINER,294.0,32.0,219.0,75.0,23.0,9.0,52581.0
d0a7a73e-2847-3e51-85e1-b4a747ea2b92,PACIFIC NINGBO,563159100,9339064.0,9V8013,CONTAINER,130.0,21.0,118.0,12.0,12.0,9.0,7545.0
d0d11f81-ef54-3ae9-a848-ceffc2c54b8b,CMA CGM MUMBAI,477159100,9778131.0,VRRP8,CONTAINER,336.0,48.0,248.0,88.0,30.0,18.0,112967.0
d25052b8-b234-3803-b41e-366cea6b08b9,SUNNY LAVENDER,372570000,9748411.0,3FHO8,CONTAINER,137.0,25.0,120.0,17.0,7.0,18.0,9865.0
d28bd4e0-1226-36d6-80e3-43ecd0f75c3f,HE SHENG,373080000,9234379.0,3EPO4,CONTAINER,147.0,23.0,100.0,47.0,13.0,10.0,9528.0
d3099a92-686c-3720-90d5-0528569c5075,CMA CGM MUNDRA,477157700,9767998.0,VRRP7,CONTAINER,337.0,48.0,244.0,93.0,31.0,17.0,112967.0
d3b3b4bc-0dc5-32e6-91a2-622575960542,CONFIDENCE,538009273,9865879.0,V7A4533,CONTAINER,143.0,23.0,131.0,12.0,16.0,7.0,9950.0
d3bb427a-b72c-3957-b123-7a37471fc85d,COSCO AQABA,477752400,9518359.0,VRMN8,CONTAINER,261.0,32.0,190.0,71.0,17.0,15.0,40465.0
d4733c77-1734-3dfb-9fa7-637d5f61a497,PRESIDENTFDROOSEVELT,369751000,9400069.0,WROT,CONTAINER,306.0,40.0,212.0,94.0,27.0,13.0,75752.0
d49ee67f-722f-3212-88b5-6f52bbbc64b1,MARSEILLE MAERSK,219854000,9778844.0,OWPU2,CONTAINER,399.0,58.0,116.0,283.0,29.0,29.0,214286.0
d4ec2f91-a7ab-3741-90d5-0cff1a3df776,SITC LIDE,477811700,9918705.0,VRUR6,CONTAINER,172.0,28.0,136.0,36.0,22.0,6.0,18848.0
d53c1137-3e80-3eb5-8acd-40939b27774d,KMTC NINGBO,441252000,9626405.0,D7UN,CONTAINER,223.0,30.0,174.0,49.0,21.0,9.0,28467.0
d53cfba1-5a53-33b7-a780-0e41fcc03d48,EVER SUPERB,563077800,9300427.0,9V6256,CONTAINER,300.0,43.0,211.0,89.0,33.0,10.0,75178.0
d5ed3fa1-d128-30b1-80bf-1f29a78b51df,CONSCIENCE,538009272,9865867.0,V7A4532,CONTAINER,143.0,23.0,131.0,12.0,16.0,7.0,9972.0
d602505c-c8bb-3294-a12c-163368f4ffbd,WAN HAI 302,564440000,9238167.0,9VDB8,CONTAINER,200.0,33.0,157.0,43.0,17.0,16.0,26681.0
d6554be8-3207-384e-bd9d-b772a0569980,MSC JOSSELINE,636019206,9842061.0,D5TL3,CONTAINER,366.0,48.0,113.0,253.0,14.0,34.0,140976.0
d86ce8ec-a91a-3c09-9d78-35877ca3d4a9,SM TOKYO,440059000,9374129.0,D7DO,CONTAINER,148.0,23.0,138.0,10.0,7.0,16.0,9928.0
da0251df-eb77-374f-94ea-dbe1b1dbc312,HYUNDAI EARTH,232024772,9725110.0,MGGA4,CONTAINER,324.0,48.0,116.0,208.0,20.0,28.0,110632.0
da0ad663-55a5-3118-8bb2-ec1a0ff010e4,MSC DAVAO III,370928000,9243241.0,3EBK6,CONTAINER,208.0,30.0,191.0,17.0,20.0,10.0,25703.0
da597500-f7fb-3da0-a4a6-403f3c559d6c,CMA CGM SCANDOLA,215839000,9859129.0,9HA5325,CONTAINER,366.0,51.0,110.0,256.0,29.0,22.0,150844.0
dab0cd74-e2aa-30ea-8225-11d4379d2215,STAR CHALLENGER,440401000,9754783.0,D7CH,CONTAINER,141.0,25.0,112.0,29.0,17.0,8.0,9955.0
db609dd3-03a2-3c83-bd52-556b073bb72e,SEASPAN THAMES,477407900,9630377.0,VRNA9,CONTAINER,336.0,48.0,243.0,93.0,31.0,17.0,113042.0
dbb076e0-059d-3e79-a633-d03212a8790c,SUNNY PALM,440119000,9128300.0,DSEK8,CONTAINER,107.0,17.0,80.0,27.0,9.0,8.0,3994.0
dc31ee82-1634-34ee-8d8c-913e5cf122b9,BARZAN,211882920,9708851.0,DDAS2,CONTAINER,400.0,57.0,156.0,244.0,39.0,18.0,195636.0
dc542857-8a2d-3f94-ae6b-49f55decc22e,MSC BUSAN,255806362,9289087.0,CQEE7,CONTAINER,325.0,43.0,250.0,75.0,33.0,10.0,89954.0
dc69be86-7394-3644-b6e3-2ac50d7a0cf8,PACIFIC BUSAN,563157400,9414125.0,9V8001,CONTAINER,135.0,18.0,116.0,19.0,9.0,9.0,7170.0
dcf2eb46-003e-392a-9a93-458249b9a04b,EVER BLINK,416040000,9790098.0,BKLU,CONTAINER,211.0,33.0,164.0,47.0,23.0,10.0,32691.0
dd133586-aa83-3332-93d4-12ed5eea5382,ASIATIC SUN,563118500,9402768.0,9V6953,CONTAINER,143.0,23.0,115.0,28.0,12.0,11.0,9610.0
dd1f3335-4e10-3160-b74a-21d6bdfd0481,NORDLEOPARD,212433000,9626261.0,5BEM4,CONTAINER,170.0,28.0,157.0,13.0,15.0,13.0,18826.0
dd5657ca-6220-3173-bb8b-a504712b7ba6,HYUNDAI OAKLAND,440062000,9385013.0,D7DS,CONTAINER,293.0,40.0,220.0,73.0,28.0,12.0,72597.0
ddeff05a-ba37-3513-91cb-9fbf5f4a73f0,MAERSK VERACRUZ,563158900,9436173.0,9V8085,CONTAINER,175.0,27.0,156.0,19.0,19.0,8.0,18257.0
de7811a0-d2be-3882-96a8-ea825a92f134,TRANCURA,636016177,9627916.0,D5EV9,CONTAINER,300.0,48.0,227.0,73.0,29.0,19.0,96628.0
dea27ebc-df08-36f8-9654-6ca67894d8a0,MAERSK HANGZHOU,563042200,9784300.0,9V5602,CONTAINER,353.0,54.0,115.0,238.0,27.0,27.0,153153.0
df0f077f-32da-3875-b4bf-b1052664cb21,HONG KONG EXPRESS,218426000,9501356.0,DJAZ2,CONTAINER,366.0,48.0,141.0,225.0,29.0,19.0,142295.0
df10d221-4af8-3b8d-a530-6eec25c1dbad,HYUNDAI MARS,232024773,9725122.0,MGGA6,CONTAINER,324.0,48.0,116.0,208.0,20.0,28.0,110632.0
df454e24-b7dd-3050-b89a-61954a20675c,SINOKOR HONGKONG,441777000,9146663.0,DSRA4,CONTAINER,162.0,26.0,135.0,27.0,6.0,20.0,13196.0
dff7418b-9391-3daa-9955-e21541f4fe16,WAN HAI 329,563128900,9871517.0,9V6500,CONTAINER,204.0,35.0,143.0,61.0,21.0,14.0,30468.0
e017c381-1a9b-31bf-a4f6-9c0d78701f71,TY INCHEON,441127000,9281358.0,D8TI,CONTAINER,133.0,21.0,114.0,19.0,15.0,6.0,7725.0
e06bf3d7-258c-3400-9299-f0c86763b087,HEUNG-A XIAMEN,538005897,9693941.0,V7HY4,CONTAINER,141.0,25.0,110.0,31.0,6.0,19.0,9998.0
e2656d99-9e0a-3c0c-bcd5-d77ba5c01183,COCHRANE,636092793,9687540.0,D5HE9,CONTAINER,300.0,48.0,125.0,175.0,19.0,29.0,93685.0
e3364383-d027-3dd1-b915-60ac55ba8520,PEGASUS PACER,441567000,9283150.0,DSQG4,CONTAINER,127.0,20.0,100.0,27.0,5.0,15.0,7406.0
e34d89c4-0179-301c-b8c5-35515f9b1347,MSC GENOVA,218819000,9461386.0,DIDK2,CONTAINER,366.0,51.0,142.0,224.0,28.0,23.0,153115.0
e35d511e-9309-3b7e-bd42-2820efa7fadf,CMA CGM NANTONG,229916000,9349629.0,9HA5635,CONTAINER,263.0,32.0,11.0,252.0,16.0,16.0,42020.0
e3783db0-cfad-30d3-aa79-7841872350ad,PEGASUS PETA,538005864,9707522.0,V7HR7,CONTAINER,146.0,23.0,112.0,34.0,18.0,5.0,9988.0
e5079cec-795b-38f7-8e5d-0ae286e33702,NAVIOS VERDE,538007622,9324863.0,V7XL5,CONTAINER,261.0,32.0,192.0,69.0,18.0,14.0,39906.0
e61b8899-30e7-347b-8b61-2eb7ee02cac1,SITC SHANDONG,477466300,9691113.0,VRNQ7,CONTAINER,172.0,28.0,130.0,42.0,18.0,10.0,17119.0
e68ceb15-0d93-3368-b95d-636d017ceebd,SAWASDEE INCHEON,538010048,9940784.0,V7A5515,CONTAINER,172.0,27.0,131.0,41.0,21.0,6.0,18051.0
e695bf56-51f1-3fda-9720-2da463e11dc0,HYUNDAI GOODWILL,440559000,9347607.0,D7GW,CONTAINER,294.0,32.0,219.0,75.0,20.0,12.0,52581.0
e73988db-f093-3e2d-854e-08c5bee78e93,MSC ALDI III,636021400,9341122.0,5LDT6,CONTAINER,222.0,30.0,175.0,47.0,11.0,19.0,28616.0
e7662743-088c-3f3e-bb00-169789abf5cf,SKY HOPE,373128000,9595797.0,3EVC9,CONTAINER,146.0,23.0,113.0,33.0,18.0,5.0,9742.0
e8363dcb-76d5-37f6-b437-6835a3c52821,CARSTEN MAERSK,219031426,9219795.0,OUMN2,CONTAINER,347.0,42.0,244.0,103.0,21.0,21.0,92198.0
e85d99cf-0342-3715-9975-af88e52f569d,HONG YUAN 01,413377920,9102734.0,BIBM3,CONTAINER,203.0,31.0,185.0,18.0,21.0,10.0,29181.0
e8ed65cd-4be9-308a-bef8-ef8dd4693015,CMA CGM ALMAVIVA,228339600,9450648.0,FLSU,CONTAINER,334.0,43.0,261.0,73.0,33.0,10.0,89787.0
e93fe5e0-9ecb-3e03-8585-daefdfe83456,TIAN FU 2,352002008,8671116.0,3E2176,CONTAINER,157.0,22.0,134.0,23.0,6.0,16.0,11708.0
e940d3f7-613b-37f7-9a6a-394d69bda6ab,MSC CHULAI III,371543000,9305013.0,3FTZ2,CONTAINER,214.0,29.0,198.0,16.0,19.0,10.0,27915.0
e976b4b8-bb33-3bb0-bbb0-1ce55c10c6a0,MSC LIVORNO,218441000,9461427.0,DIGY2,CONTAINER,366.0,51.0,142.0,224.0,28.0,23.0,153115.0
e9eb8cbe-cb04-3e36-805d-0dd39142dadd,NAJADE,636091273,9326706.0,A8LL4,CONTAINER,215.0,30.0,199.0,16.0,15.0,15.0,27915.0
ea0773a7-4a1a-35d1-85fa-9d15f60ddddb,HAPPY LUCKY,636018597,9363405.0,D5QL4,CONTAINER,199.0,32.0,150.0,49.0,22.0,10.0,27104.0
ea75f73f-5730-3d0d-934f-7f9841947026,ZIM XIAMEN,636016985,9710232.0,D5IS6,CONTAINER,300.0,48.0,227.0,73.0,18.0,30.0,94416.0
ea807ccc-e98a-391d-bc0d-d14e75abc2e2,MSC DARIA,636022441,9927287.0,5LIU8,CONTAINER,366.0,51.0,110.0,256.0,30.0,21.0,150783.0
ead26c9b-c8aa-3eca-8fcf-46e1c3349edc,POS TOKYO,440473000,9133874.0,DSNZ8,CONTAINER,143.0,21.0,115.0,28.0,15.0,6.0,8306.0
eaf49d39-3fbc-3e0a-b16a-a43b88de1976,PRESIDENT CLEVELAND,303340000,9526502.0,WCEU,CONTAINER,300.0,40.0,228.0,72.0,9.0,31.0,75015.0
eb5031ef-d007-3938-8797-30bdfcee0a90,SITC KOBE,353346000,9293557.0,H3PB,CONTAINER,145.0,22.0,124.0,21.0,13.0,9.0,9413.0
ec563ede-db70-3cd2-a0e8-81691553fc29,DONGJIN ENTERPRISE,440346000,9704300.0,D7PP,CONTAINER,141.0,25.0,109.0,32.0,6.0,19.0,9990.0
ec90e922-fb1b-3883-af49-39f8d420e693,MAERSK CANYON,232043372,0.0,MMBS2,CONTAINER,366.0,51.0,113.0,253.0,21.0,30.0,149944.0
ed0668ec-9482-3020-a14f-0ec32bd2a770,MSC ANNA,636017727,9777204.0,D5ML5,CONTAINER,400.0,58.0,129.0,271.0,16.0,42.0,187587.0
ed4f9478-6cb5-3975-a350-32cb9f279ae6,MAERSK EDMONTON,219199000,9458030.0,OYHV2,CONTAINER,366.0,48.0,142.0,224.0,33.0,15.0,141716.0
ed5e7936-4ae5-32ea-8569-8a6496b4b3ee,JACKSON BAY,636016203,9322358.0,D5EZ5,CONTAINER,260.0,32.0,195.0,65.0,15.0,17.0,39912.0
ed820a28-5756-345b-997f-f9c05369cb53,SITC KAWASAKI,477948500,9412854.0,VROY4,CONTAINER,170.0,28.0,140.0,30.0,5.0,23.0,17211.0
eea9d5a5-25da-3a67-913e-d910c7592a6c,EASLINE KWANGYANG,354646000,9226827.0,HOLT,CONTAINER,192.0,28.0,151.0,41.0,10.0,18.0,18502.0
eeb26bc1-cc58-3721-b278-9e69efbae2b9,ONE HAWK,372280000,9741413.0,H3BL,CONTAINER,364.0,51.0,142.0,222.0,40.0,11.0,144285.0
eed88776-a9e3-386e-9e54-5e03bdf4ae02,CMA CGM TOPAZ,636014169,9397602.0,A8RV4,CONTAINER,258.0,32.0,191.0,67.0,22.0,10.0,40560.0
eeeb488b-3c5a-3e97-bcd8-ebe8b13b41f3,MSC SKY II,636016574,9162277.0,A8IQ2,CONTAINER,183.0,30.0,150.0,33.0,15.0,15.0,21583.0
ef9099c8-bcb3-341a-9e9b-2b3c3d2f44d9,MAERSK NACKA,636093009,9893864.0,D5VC8,CONTAINER,171.0,32.0,135.0,36.0,7.0,25.0,25514.0
efbd8128-ef1f-3060-b8dc-f4d38f9d6094,KMTC DALIAN,636020254,9882229.0,D5YI9,CONTAINER,196.0,32.0,149.0,47.0,24.0,8.0,27997.0
efd81a62-9a28-38b5-b23d-9df6a9a8122b,EVER CHASTE,355722000,9887009.0,HPSW,CONTAINER,172.0,27.0,134.0,38.0,20.0,7.0,17943.0
eff03a2a-2510-364d-a35f-5c3d65e1dca2,A KOU,353598000,9343699.0,3EDD7,CONTAINER,143.0,22.0,114.0,29.0,11.0,11.0,9610.0
f0542891-23fc-3ccb-affa-2448d96f599d,ALBERT MAERSK,220263000,9260469.0,OUOW2,CONTAINER,353.0,43.0,251.0,102.0,22.0,21.0,93496.0
f0b65e20-1dfc-318f-a39a-2c7ce7677109,PORT KLANG VOYAGER,440162000,9275385.0,D7BD,CONTAINER,235.0,32.0,173.0,62.0,24.0,8.0,34610.0
f0e846ab-2681-3027-8dde-ab664e0292aa,STARSHIP PEGASUS,538004895,9656759.0,V7ZR3,CONTAINER,172.0,28.0,130.0,42.0,5.0,23.0,20920.0
f13de3d3-5331-398b-812d-f3d9609dab02,MSC BEATRICE,353162000,9399014.0,3FUF2,CONTAINER,366.0,51.0,146.0,220.0,25.0,26.0,151559.0
f1b8b0b7-c1d2-3f95-97b8-bb0a158bac93,JONATHAN SWIFT,636091766,9431824.0,A8SN5,CONTAINER,261.0,33.0,193.0,68.0,12.0,21.0,40541.0
f32994fe-07a1-327d-aff2-adec03d0fe8f,SITC MOJI,477813700,9639593.0,VRKS5,CONTAINER,143.0,23.0,131.0,12.0,17.0,6.0,9744.0
f348e593-e7d0-3634-81cc-efef8f95c259,MATZ MAERSK,219019365,9619983.0,OWJM2,CONTAINER,399.0,60.0,146.0,253.0,30.0,30.0,194849.0
f3a8ad5f-83a4-300b-b8be-f27d30f7508e,MSC KALAMATA VII,636022111,9244946.0,5LHF8,CONTAINER,304.0,40.0,213.0,91.0,18.0,22.0,74656.0
f3bea153-9d2a-3799-9b18-7e9f06f137b9,TASMAN,538006111,9189342.0,V7FQ3,CONTAINER,278.0,40.0,185.0,93.0,20.0,20.0,66526.0
f3e42c4e-2afa-3df7-a078-af380a369d0f,LUDWIGSHAFEN EXPRESS,218566000,9613018.0,DDOR2,CONTAINER,366.0,48.0,141.0,225.0,29.0,19.0,142295.0
f3fa3b08-a757-333d-82ea-501560bb7308,CMA CGM BALI,229393000,9867827.0,9HA5482,CONTAINER,366.0,51.0,110.0,256.0,29.0,22.0,150844.0
f4a6dbf5-7def-3baf-8668-e82344206f2a,MSC FELIXSTOWE,352688000,9290402.0,3EER9,CONTAINER,294.0,31.0,221.0,73.0,21.0,10.0,54809.0
f54ee3cf-7374-3b02-b2db-5431fde0d05b,INGENUITY,538007711,9790892.0,V7MG8,CONTAINER,172.0,27.0,154.0,18.0,22.0,5.0,17888.0
f5962293-e7eb-31eb-ac83-b9e7b6e38e1c,ZHONG WAI YUN NINGBO,413219020,9367956.0,BOAK2,CONTAINER,145.0,22.0,121.0,24.0,11.0,11.0,9587.0
f636ebcc-66f5-3d34-ab27-30f857b1c47e,KOTA KARIM,563152400,9307425.0,9V7839,CONTAINER,233.0,32.0,166.0,67.0,12.0,20.0,31070.0
f6a4f65a-7f1a-37f7-8aad-26436ecf642f,CONTSHIP UNO,636018001,9379026.0,D5NS7,CONTAINER,148.0,24.0,137.0,11.0,9.0,15.0,9940.0
f6e21d57-02b4-3f94-aeef-270a00e556a0,UMM SALAL,215237000,9525857.0,9HA2682,CONTAINER,366.0,48.0,143.0,223.0,17.0,31.0,141077.0
f74897bb-5490-32ff-bb1c-0566f80beb59,SEASPAN GANGES,477776100,9630365.0,VRMV8,CONTAINER,336.0,48.0,243.0,93.0,31.0,17.0,113042.0
f7ed3fab-06e4-34a0-bdb9-4dbe935cde88,HISTORY MARIA,636022328,9348998.0,5LIG2,CONTAINER,182.0,25.0,169.0,13.0,21.0,4.0,18017.0
f8231099-7293-30bd-a780-3af96d75f816,EASLINE YANTAI,356396000,9153068.0,3EIK,CONTAINER,164.0,26.0,135.0,29.0,10.0,16.0,14089.0
f8644557-06ce-3897-9893-721535a6b595,PANCON SUNSHINE,440550000,9749128.0,D7CO,CONTAINER,148.0,23.0,113.0,35.0,19.0,4.0,9923.0
f8e2f4f9-d1b5-3e8c-a553-3505814ed7a1,ZIM BANGKOK,567614000,9936525.0,HSB8544,CONTAINER,333.0,48.0,130.0,203.0,28.0,20.0,118523.0
f974a77d-a318-3113-9064-d162a91012f0,CMA CGM PRIDE,229997000,9924429.0,9HA5650,CONTAINER,366.0,51.0,120.0,246.0,21.0,30.0,150783.0
fa0c5e76-59ac-31c8-a7b7-09927611f66c,CMA CGM T.ROOSEVELT,215251000,9780873.0,9HA5029,CONTAINER,366.0,48.0,139.0,227.0,24.0,24.0,140872.0
fb3c3ecf-03cb-3fce-8de0-482db71768e1,MELINA,538007680,9401075.0,V7DE9,CONTAINER,260.0,32.0,192.0,68.0,19.0,13.0,40030.0
fc61ed84-53b8-3d28-9b46-feb1e28e0ac7,SEASPAN BELLWETHER,477181200,9713363.0,VROG8,CONTAINER,337.0,48.0,244.0,93.0,31.0,17.0,113042.0
fd1005c6-82d6-3ae0-892c-38c455961899,TRANSIT LUGOVAYA,273611350,9319583.0,UBGY2,CONTAINER,132.0,18.0,115.0,17.0,9.0,9.0,6701.0
fdbfbf52-4d6c-3d40-85a3-0c7e6738489a,MAERSK LAGUNA,566338000,9526942.0,9V9763,CONTAINER,300.0,45.0,227.0,73.0,27.0,18.0,88237.0
fdff0133-85a8-33fc-81fd-bbf706f5f37d,ZIM SHENZHEN,477714600,9461491.0,VRUC4,CONTAINER,335.0,42.0,244.0,91.0,24.0,18.0,91761.0
fe499774-197c-30e0-8f5d-25981c36ee07,TYGRA,636017404,9164263.0,D5KT7,CONTAINER,155.0,25.0,137.0,18.0,13.0,12.0,14120.0
fea6d89b-3a15-3131-a582-81316e56e346,CMA CGM SAMSON,256687000,9436379.0,9HA2907,CONTAINER,335.0,42.0,244.0,91.0,17.0,25.0,91498.0
fedbdc5b-d5a4-37bf-8df4-5dd0c3ec6e5f,HYUNDAI SATURN,232024771,9725146.0,MGGA2,CONTAINER,324.0,48.0,116.0,208.0,20.0,28.0,110632.0
ffa1afcd-c0a7-3984-bed4-8a76885eb113,INVICTA,538008635,9822724.0,V7A2600,CONTAINER,172.0,28.0,155.0,17.0,22.0,6.0,19035.0
